Date,DownstateNY_Bench,NorthNJ_Bench,UpstateNY_Bench,NY_Bench,NJ_Bench,PR_Bench,VI_Bench,NYC_Bench,LongIsland_Bench,PtnmRcklndWstchtr_Bench,Poughkeepsie_Bench,Kingston_Bench,BrgnHdsnPassc_Bench,NewBrunswick_Bench,Newark_Bench,Albany_Bench,Binghamton_Bench,Buffalo_Bench,Elmira_Bench,GlensFalls_Bench,Ithaca_Bench,Rochester_Bench,Syracuse_Bench,Utica_Bench,Watertown_Bench
01/31/2000,5762501.4235,2918566.7408,2274682.2295,8545474.6854,3965264.4113,1006957.9935,40152.186875,3698658.0525,1209630.7741,547134.18204,243957.21158,63121.203355,913440.52406,998803.4763,1006322.7405,430269.769,118451.85874,554604.85751,43435.22075,53369.331919,51371.320313,526438.18541,321585.80907,135974.7082,39181.168577
02/29/2000,5768931.1917,2918980.7947,2275394.2261,8552757.1937,3969283.5807,1010155.6283,40115.196226,3701392.1651,1212111.8971,547601.44166,244030.4902,63795.197648,912535.20961,1000522.2598,1005923.3253,430971.78513,118277.71318,554534.14714,42940.937493,53153.629399,50948.005097,527634.23679,321474.36153,136236.2978,39223.112581
03/31/2000,5780702.0046,2930873.2589,2276819.6598,8569908.8308,3987699.1086,1013470.7674,40275.174291,3709227.1611,1214137.4285,548782.49645,244149.51802,64405.400542,916909.20547,1005135.4735,1008828.5799,431193.40242,118242.36887,554657.29449,42978.538859,53242.683559,50787.72003,528377.67456,321959.75164,136147.78318,39232.442193
04/30/2000,5815520.5026,2936518.1341,2286369.7551,8606739.6019,3990057.691,1021284.4167,40823.470197,3732236.9344,1223669.6563,551208.6054,244348.09526,64057.211257,926389.61344,1002042.027,1008086.4937,433312.1859,117924.40477,556594.54974,43031.349203,53376.000183,50910.862886,531844.50232,324049.22153,136280.70032,39045.978255
05/31/2000,5816917.9401,2933716.4004,2281851.5802,8607140.0269,3991132.6379,1025001.2934,41117.78167,3733247.8563,1223817.137,551094.81971,244411.93743,64346.189687,924561.91658,1001636.4018,1007518.0821,433258.99737,118100.85726,556207.52415,43252.222397,52895.777273,51184.431253,529101.84165,322579.76526,136168.22212,39101.94146
06/30/2000,5817313.5729,2945630.1693,2286898.5869,8616862.2063,4000326.9573,1056957.7935,41607.324085,3733855.3153,1222376.6216,552257.39372,244635.1739,64189.068378,929606.80292,1004728.4787,1011294.8877,435395.61505,118575.58322,556285.8972,43594.784991,53054.878642,51071.540398,531104.6474,322720.15167,135940.52691,39154.961388
07/31/2000,5819881.7466,2945236.5108,2285503.95,8633305.4644,4009571.1662,1048390.7735,41911.37279,3735870.6799,1222930.8805,552286.51394,244978.68989,63814.982351,930729.0845,1004673.4966,1009833.9297,433396.23317,118925.75041,558074.99183,43173.020449,52546.647433,51159.18316,530849.30817,322852.50236,135614.16386,38912.149137
08/31/2000,5813629.1843,2942784.2551,2279104.9593,8609515.0734,4011094.254,1023598.0475,42596.584189,3732432.0871,1221386.6092,551002.46181,245337.13771,63470.888491,930295.70395,1002420.4956,1010068.0556,431510.38797,119009.11058,558105.81344,42999.802718,52624.544915,51346.687884,530386.48915,319638.36316,134760.09624,38723.663282
09/30/2000,5846754.3141,2947732.7653,2289605.9047,8654592.9002,4015982.6972,1019778.7986,42373.225826,3750570.2594,1231736.4427,554770.41366,245709.5339,63967.66446,932746.96225,1003975.2455,1011010.5576,435284.86988,119249.0592,557932.04804,43194.287411,53152.229275,51327.803996,531744.68771,322839.29514,135999.27234,38882.35171
10/31/2000,5857996.2131,2954637.6375,2288481.0055,8665289.2521,4005892.3305,1027607.0336,42212.707162,3763021.9759,1230021.2248,554905.74577,246061.992,63985.274598,933064.40703,1012535.5735,1009037.657,436490.056,119198.1899,558614.56003,43645.309893,52978.659194,51318.482684,528712.06793,323215.69112,135318.9079,38989.08089
11/30/2000,5867540.6194,2958900.156,2289341.0593,8678014.8154,4013476.5811,1028712.6457,43042.023866,3769544.0921,1231069.4402,555609.83805,247007.47537,64309.773764,932734.78036,1015077.6879,1011087.6878,437220.98452,119710.55671,558273.03272,43530.246234,52925.963594,51655.225675,528633.06423,322909.00127,135175.35454,39307.629797
12/31/2000,5874674.8618,2966262.0051,2287468.8449,8682434.5326,4028916.0462,1021155.4871,43025.320259,3771701.9828,1234276.515,556618.6758,247871.97424,64205.713879,934187.67021,1017961.7784,1014112.5565,438684.37881,119431.0792,555046.5095,43389.188625,52894.716734,51596.800193,528916.63935,323095.33925,135089.40737,39324.785897
01/31/2001,5877716.5639,2967692.0675,2291407.0422,8681322.0149,4006267.6855,1015624.7463,44445.720993,3774141.4204,1229555.2947,559562.38685,250403.19454,64054.267318,933775.34791,1017999.0039,1015917.7157,438786.78237,119837.64962,555641.16096,43447.078567,53165.047188,52564.407016,530702.94578,322199.56364,135906.83762,39155.569439
02/28/2001,5867625.8893,2969788.9223,2288331.602,8673035.2185,4013150.9232,1015467.2157,44179.641774,3765039.6226,1230412.7405,558996.97394,249306.94911,63869.603196,933691.19544,1019924.4105,1016173.3164,438354.47858,119927.73842,554035.45154,43454.244039,52709.834736,51697.375333,530280.72776,323313.04814,135561.43418,38997.26925
03/31/2001,5861301.8234,2969375.2663,2284210.0827,8659510.11,4008968.8091,1015264.7495,44332.662433,3762031.9037,1228804.3278,557068.34616,249602.52058,63794.725112,934586.83147,1019562.6735,1015225.7613,438477.07296,120312.73179,553334.40495,43393.608501,52594.866428,51222.52706,529259.08746,322339.05337,134576.93227,38699.797883
04/30/2001,5837219.8088,2975710.0412,2277874.4151,8625515.1554,4015856.1333,1013693.8915,44310.986739,3745416.8231,1221547.455,556265.97112,250249.99156,63739.568007,938304.00495,1020120.4977,1017285.5385,437765.84334,120409.3955,547696.14216,43219.766227,52954.070768,51633.347949,527744.11163,323559.24901,133958.25544,38934.233091
05/31/2001,5829022.3303,2975766.8222,2279473.1542,8620535.1885,4017032.0035,1012651.7917,44635.725014,3731088.7402,1226152.3426,557349.79839,250579.12317,63852.325963,936254.53458,1020968.5922,1018543.6954,438203.62003,119490.9437,550515.64029,42852.434272,53187.996806,52234.488184,526821.52908,323300.5435,133870.272,38995.686362
06/30/2001,5825857.5719,2978775.4711,2281664.7838,8619195.8464,4019602.0304,1011480.1571,45250.405368,3725624.9796,1227579.6888,557054.35607,251681.0251,63917.522309,935915.01673,1023847.4453,1019013.0091,438699.28157,118729.23357,551156.18778,43006.43319,53446.884359,52847.306749,527875.28958,323403.97133,133235.18652,39265.009177
07/31/2001,5826172.0276,2968671.819,2269185.0701,8572599.417,4002011.8811,1008367.6432,44484.072293,3732907.1993,1226186.53,552504.81078,250682.17912,63891.308463,932342.23205,1018085.0868,1018244.5002,438195.05035,118104.61258,546825.20431,42757.948935,53301.581676,52555.001094,523656.5679,321451.21964,132738.67975,39599.20389
08/31/2001,5826169.9155,2963085.2862,2262106.5306,8556600.7621,4004379.886,1005740.3777,44178.57826,3731286.1707,1226540.433,553956.66486,250604.68842,63781.958514,928779.37684,1016771.0035,1017534.9058,439024.13521,117482.58075,545839.73818,42627.104398,53302.717836,52838.18236,522055.4303,317260.57424,132158.35095,39517.716329
09/30/2001,5774802.6757,2955954.2293,2253997.4134,8542351.2418,4002269.8194,1004015.2031,44182.012168,3691971.0532,1216998.8022,552947.90913,249099.27749,63785.63367,924513.28432,1015704.5604,1015736.3846,436166.93343,117143.23979,543540.86588,42490.844191,52772.291192,51905.392402,521853.19126,316514.6207,132237.32096,39372.713635
10/31/2001,5707068.5229,2949373.2964,2249753.2334,8459963.927,4004855.6292,1000588.0289,43484.635594,3622970.1572,1219079.5033,551875.52353,249438.52017,63704.818621,920985.37946,1013194.9092,1015193.0077,435574.22291,116737.54126,542385.50262,41835.866098,52670.057416,51175.80288,519586.81587,317947.32687,132549.94164,39290.15584
11/30/2001,5711877.1527,2946403.2314,2248513.9339,8460277.8654,4001438.9534,1000025.3672,43299.26305,3626851.4398,1219291.6184,552694.33128,249308.93874,63730.824521,920647.3459,1011285.2437,1014470.6417,436307.30291,116317.6741,541547.23699,41729.094287,52488.768276,51336.806625,519739.61934,317543.14629,132381.48672,39122.798311
12/31/2001,5703571.0903,2939286.7262,2242518.537,8446556.8091,4001038.6833,1000169.2531,43301.456977,3615931.3942,1221362.4754,552695.54755,250045.62081,63536.052375,917346.65823,1007924.1381,1014015.9299,435659.87523,115357.67101,539568.32783,41704.939271,52775.429764,51471.009091,517326.72652,316998.76238,132641.26013,39014.535785
01/31/2002,5700570.4104,2944300.5533,2245297.4574,8445239.6922,4015069.656,1005994.9502,43341.996731,3609828.7257,1221416.5461,554999.1864,250577.70124,63748.250856,915002.89534,1014507.8067,1014789.8513,433628.83621,116485.41894,545762.0111,41645.880917,52341.264759,52661.023372,514105.49052,317300.99312,132468.79062,38897.747864
02/28/2002,5703773.2456,2946557.4249,2242591.5985,8450653.6637,4019496.8342,1005423.9073,43712.802192,3613691.0907,1221943.2226,554891.67379,249517.33768,63729.920905,912803.3781,1015733.6948,1018020.352,435478.76113,115968.80321,544760.58683,41547.35473,52566.098912,51475.684192,513196.32974,316240.57119,132278.51372,39078.894851
03/31/2002,5700825.2064,2944597.4293,2242601.6016,8446696.1494,4019099.6216,1002227.9149,43558.37315,3609268.0252,1222610.3025,554746.54292,250700.58394,63499.751812,911207.47712,1015751.6288,1017638.3234,436716.66136,116315.27928,544331.26222,41397.304634,52466.73165,51616.877144,512430.14979,316497.45662,132248.40053,38581.478383
04/30/2002,5700563.8401,2939123.5907,2240930.8776,8449692.4444,4002971.3704,1003225.9994,43698.897554,3608694.4664,1223187.1912,555225.87595,249573.61678,63882.689715,906143.58286,1014211.6298,1018768.3781,437641.93065,115147.71522,544097.001,41182.014915,52232.12736,51724.98139,512452.61117,315330.6456,131815.54737,39306.302968
05/31/2002,5699677.9184,2937701.1289,2238961.116,8447948.8353,3994694.617,1003835.8913,43526.708238,3609940.9479,1221890.2377,555158.19188,249115.3026,63573.23819,905998.84934,1013492.1891,1018210.0905,435915.80271,115172.10927,544997.25773,41277.184507,52381.3602,51559.877927,511846.41891,315057.32662,131459.43206,39294.346101
06/30/2002,5695305.6504,2928564.3714,2238648.1489,8445693.728,3984766.7716,1003102.1527,43186.822595,3605149.5674,1220422.9934,555047.7272,250644.12604,64041.236344,903509.74622,1012547.0978,1012507.5274,435979.92742,114716.11272,545903.36897,40845.693439,52169.333242,51388.877012,511174.72039,315653.36325,131508.87461,39307.877864
07/31/2002,5687905.7069,2925850.8457,2240144.8101,8451139.0821,3972805.0031,1005177.8634,42773.739366,3600233.1239,1219427.5374,552527.12818,251378.03483,64339.882542,901948.12129,1008729.2014,1015173.523,435250.50087,114836.42445,546699.68678,41017.972064,52583.374117,51726.782484,511321.84224,315632.44541,131643.00021,39432.781429
08/31/2002,5693848.5183,2929302.4825,2244608.9046,8455624.5205,3979816.0659,1004607.0118,42032.84232,3603956.3405,1219397.7676,553783.93669,252114.00396,64596.469489,903875.27242,1009482.4271,1015944.783,435968.7806,115122.93346,547498.83663,41160.024693,52682.320109,52121.792653,511617.38572,316961.03774,131818.57165,39657.22137
09/30/2002,5688032.5982,2929510.1933,2241762.6206,8441531.4195,3977693.34,1005850.9666,42385.888207,3592048.3026,1222338.3792,555868.33432,252978.88966,64798.692436,904024.33336,1008222.3547,1017263.5053,437317.79461,114441.52851,544872.62969,40891.0437,53105.956016,52368.182954,510084.39202,317235.99156,131977.02314,39468.078345
10/31/2002,5694621.5099,2929573.5515,2240572.0986,8446121.0515,3974553.2104,1005723.1668,42400.450573,3597505.5685,1222902.6862,556534.6977,252763.71537,64914.842151,906933.52015,1005156.1766,1017483.8548,436443.36304,114233.80403,545300.49806,40919.593811,52350.335354,52597.490302,510283.02163,316578.87331,132369.07034,39496.04869
11/30/2002,5698829.3391,2933866.6371,2238509.5289,8447558.8711,3980860.3546,1004281.8172,42599.106152,3602257.2613,1223453.1937,555609.37304,252863.61057,64645.900523,908151.57545,1006086.416,1019628.6457,435609.44493,114008.73099,544174.10906,40996.60082,53164.898844,52814.748912,510358.66223,316535.31804,131191.85307,39655.161958
12/31/2002,5692984.8343,2930126.635,2237621.9112,8442503.0477,3980229.6523,1008945.8435,42187.359686,3596435.8709,1222850.7011,556131.05396,252490.89546,65076.312825,907931.14469,1005478.0563,1016717.434,434974.40798,113951.85049,544472.71373,40999.800754,53069.105169,52889.170641,509937.13804,316212.27972,131599.34925,39516.095418
01/31/2003,5679570.7727,2948281.4456,2236809.5426,8427477.992,3987731.3574,1012455.9792,41864.336633,3581899.5613,1226924.3347,554296.66947,251968.30301,64481.904286,916430.50687,1004226.887,1027624.0517,434334.96541,113209.23637,544460.59099,40736.629861,53647.310789,52670.439672,509913.39896,316545.11022,131608.97856,39682.881775
02/28/2003,5674121.1431,2936388.884,2234160.8047,8419890.839,3974585.8838,1015471.7684,41386.969273,3575418.7681,1226464.2689,554799.46047,252436.80678,65001.838934,913328.27909,1000198.1193,1022862.4856,434948.03054,112918.55767,542945.55044,40650.10316,53874.904686,52823.968663,508676.58131,316213.43619,131457.93997,39651.732105
03/31/2003,5663120.3421,2931449.1064,2232318.4072,8407506.1485,3969891.9547,1020239.2995,41712.757778,3563411.6033,1227198.4849,555624.57813,251776.76967,65108.906175,912384.20397,997134.95136,1021929.951,433666.21875,112579.81842,543438.59434,40612.858585,53784.482956,52728.275953,508592.64385,315744.33868,131469.72908,39701.446535
04/30/2003,5655649.1636,2934677.4126,2228240.9032,8395842.1757,3975526.0291,1018877.4191,41502.103523,3557986.5615,1226999.8946,554229.20907,251761.104,64672.394497,910429.95497,1002742.3675,1021505.0902,433833.76337,112794.88494,543062.70914,40547.167181,53877.166674,52821.342573,505479.2607,314630.32626,131547.0634,39647.218922
05/31/2003,5650903.9724,2934745.6572,2229623.4394,8392197.0636,3978376.5847,1019556.7974,41443.408372,3552545.6814,1227261.4488,554817.00133,251377.38233,64902.458534,909565.63155,1002589.4808,1022590.5448,434220.05351,112458.86919,541545.60949,40393.03536,54059.613127,52830.943819,508043.62546,314709.88761,131660.19037,39701.611499
06/30/2003,5646713.9062,2927703.681,2228874.4647,8388146.7703,3970600.19,1019878.1336,41599.837071,3547097.6339,1226953.9164,555579.51428,252500.67365,64582.167949,905674.09643,1001746.9185,1020282.666,433715.8606,112370.05067,542857.17714,40490.982994,53327.950468,53022.163242,507475.56613,314410.3942,131845.22688,39359.092401
07/31/2003,5639670.5191,2945899.2437,2229278.173,8379142.7705,3989054.7693,1021588.2802,41655.42518,3539695.7976,1228886.3507,556254.39292,251076.51105,63757.466822,912961.17394,1006662.1006,1026275.9691,434661.3065,112245.62693,541943.89936,40100.890489,54302.105633,53077.506761,508225.84048,313979.04169,131270.41939,39471.535792
08/31/2003,5638587.3615,2945529.3706,2230612.3274,8379012.3468,3990157.3505,1025966.78,41894.89789,3538145.5759,1228436.0991,556731.01602,251193.36962,64081.300875,911858.58542,1006633.7176,1027037.0676,435549.51867,112117.42145,541268.33525,40308.907819,54352.894123,53101.066094,508540.05878,314545.93192,131377.45913,39450.734127
09/30/2003,5647732.6771,2947350.6852,2231308.426,8392397.9165,3990683.1734,1028903.9141,42106.498955,3546180.8833,1230198.2571,557032.19812,250807.31933,63514.019295,912428.265,1006198.6753,1028723.7449,435385.20718,112383.89712,543140.18469,39820.80486,54124.686447,53255.74607,508659.39245,314185.24702,131059.35238,39293.907818
10/31/2003,5660586.4115,2952272.1079,2228818.9973,8398030.3435,3994964.1434,1032677.0033,42326.104893,3553924.4153,1233372.5815,557822.41045,251632.11916,63834.885188,911007.43655,1010881.1014,1030383.5699,435845.76677,111917.56656,541935.60203,39081.549653,54316.629547,53331.314836,508223.92714,314637.6326,130218.82939,39310.178794
11/30/2003,5666434.9677,2949050.4807,2230243.4061,8405325.283,3989907.1167,1033329.3884,42286.414216,3558108.4623,1234543.3736,558418.92586,251603.0642,63761.14176,908919.35553,1010546.2284,1029584.8968,436522.35808,111779.99849,543994.52458,39059.256231,54306.018331,53331.496561,506877.04629,314683.72177,130527.91799,39161.06777
12/31/2003,5663256.5492,2945639.4478,2230631.4239,8402142.5199,3989100.9515,1038596.3851,42451.130031,3557120.8871,1233345.3499,557231.64552,251840.75863,63717.907983,907294.06637,1009771.4393,1028573.9421,436542.69974,111850.35553,543606.44112,39014.085846,54399.54329,53332.544595,508237.28061,314285.05822,130079.31891,39284.096066
01/31/2004,5660961.1692,2939530.4913,2231449.2699,8392365.0592,3983352.5137,1038887.628,42614.860775,3550392.7697,1236167.8946,558350.95035,252038.80406,64010.75041,906086.69152,1010367.1723,1023076.6274,437258.28166,111548.61408,544013.63975,39005.180297,54413.580248,53411.779888,507841.05364,314248.96089,130199.68491,39508.494551
02/29/2004,5671652.0978,2939270.999,2234635.6844,8410287.4219,3985350.9302,1036871.0695,42659.632884,3555858.0253,1239849.2577,558985.70117,252874.83475,64084.27897,904276.12195,1012783.9452,1022210.9318,437534.02825,112128.82632,544786.18131,39145.053653,54443.957018,53566.915314,508153.07094,314769.14363,130636.21327,39472.294737
03/31/2004,5685517.165,2944021.9115,2240013.1993,8425538.6451,3992989.2261,1037870.8329,42535.135591,3563015.3727,1242684.4616,561403.19641,254108.7103,64305.423979,906671.19841,1013884.0318,1023466.6813,438121.6221,112896.52821,547247.19654,39131.985032,54685.292391,53670.550351,508295.07069,315608.46318,130790.56664,39565.924202
04/30/2004,5686092.1821,2939558.9198,2235427.411,8425425.8096,3991027.3823,1039106.3242,42584.657525,3566128.1847,1240438.0647,562528.67301,253313.4147,63683.84502,907729.66886,1009748.1359,1022081.1151,438601.32279,112138.19296,543422.02139,39324.412025,54908.292017,53514.469355,507786.96925,315617.31837,130743.9667,39370.4461
05/31/2004,5693775.6238,2945145.2481,2244056.698,8444616.724,3998484.0757,1041551.198,42731.894285,3570567.111,1242870.8869,563266.52988,253494.39065,63576.705436,909604.22518,1013139.516,1022401.5069,441640.02233,112434.42297,545495.35004,39531.294179,54942.802895,53627.648828,509671.76446,315847.8973,131134.41471,39731.080303
06/30/2004,5698676.1616,2943474.1342,2241882.7962,8449458.2493,3999770.56,1059847.6701,42895.437289,3574250.9623,1245123.9674,563050.34687,253297.974,62952.911052,907682.51978,1013354.2415,1022437.3729,439848.15083,112587.07571,544328.81603,39407.809433,55032.57053,53859.581673,509777.68651,315753.36561,131398.40276,39889.337106
07/31/2004,5716910.7469,2952572.4974,2243671.8397,8470911.256,4007264.8772,1055220.7591,43411.019929,3586394.7573,1246996.7029,565937.21689,254191.20011,63390.869733,910649.6199,1017355.1488,1024567.7287,440662.76239,112131.121,544855.92098,39702.621922,55112.17939,53978.894175,510132.69995,315297.69754,132002.89984,39795.042462
08/31/2004,5718162.376,2952127.1141,2241417.9444,8467331.0519,4008635.005,1053553.2957,43480.976796,3585646.3914,1248928.8629,566603.11514,254333.42205,62650.58456,910131.82495,1017133.7596,1024861.5296,439894.40592,111949.62651,544931.66706,39554.12698,55196.102165,53985.573738,509095.81682,315319.82964,131648.5866,39842.208986
09/30/2004,5717023.0026,2952999.8823,2245991.3984,8475871.0875,4014855.0643,1052876.381,43320.124263,3585625.6556,1247992.956,564962.02341,255314.83371,63127.533926,909587.16778,1019668.9653,1023743.7492,440011.82548,112013.16456,546287.32197,39727.631819,55544.675573,54060.918169,510291.6246,316056.69413,131769.93626,40227.605802
10/31/2004,5724357.4934,2955882.6498,2250952.6273,8483759.7578,4016703.8887,1058132.7302,43682.423275,3589433.141,1248427.7365,567748.74899,255719.54977,63028.317106,909719.83841,1020731.4013,1025431.4101,439986.28689,112587.94671,546027.81454,39931.03614,55464.529556,53990.664417,513114.22525,317191.79366,132439.50587,40218.824257
11/30/2004,5726789.7349,2953373.9047,2249746.6395,8486236.4768,4021721.7655,1056611.7941,43721.476994,3591282.3451,1247506.4689,568495.51236,256472.29231,63033.116203,908492.40158,1020540.689,1024340.8141,439633.36654,112258.70816,545495.44065,39990.607241,55941.691224,54216.001034,511706.52599,317088.22815,132653.02626,40763.044199
12/31/2004,5732693.8636,2954652.6274,2250777.6651,8491307.3209,4027012.2365,1061545.6989,43829.303946,3594672.5694,1249126.6588,568911.89845,256932.47778,63050.259236,908115.62301,1020508.1888,1026028.8155,440847.47108,112083.20503,546225.64142,39880.401974,55736.160633,54516.165128,511213.91583,317399.84118,132639.15603,40235.706837
01/31/2005,5734246.7708,2943431.1134,2246085.0236,8485777.4673,4025541.955,1049903.5216,44071.950193,3604918.7025,1243972.4913,566605.54878,255710.57879,63039.449518,906686.49826,1019607.7664,1017136.8487,441715.01631,111440.76456,544050.327,39084.476319,55290.659742,53714.090843,512239.74942,316129.59224,132239.79573,40180.551466
02/28/2005,5734291.4807,2947070.7951,2246477.1813,8488983.6769,4030214.0589,1050279.5093,44723.52284,3604337.8339,1243530.676,567726.81292,255908.55249,62787.605453,907305.86067,1021258.8334,1018506.101,441281.62397,111008.61737,543966.77793,39350.571499,55027.770916,54051.881551,512931.70147,316853.30952,131988.14036,40016.786764
03/31/2005,5729463.8465,2940567.2154,2242104.6353,8478060.2808,4023456.7551,1048967.9219,43639.017387,3604911.7771,1241950.482,564242.66134,255461.78559,62897.140458,906290.36612,1019037.9787,1015238.8705,439280.77948,111444.17733,542415.33518,39383.333775,55178.690818,54068.820365,513105.55292,315706.02988,131779.29487,39742.620696
04/30/2005,5768905.3324,2960197.3194,2256027.6806,8530974.9847,4046616.8309,1052753.2676,43247.794282,3626904.519,1251608.5514,568529.11346,258755.89294,63107.255616,909771.07891,1030367.0075,1020059.233,443199.41887,112133.52825,545777.57805,39316.667483,55201.353224,54133.156804,515884.75306,317787.98665,132148.68361,40444.554625
05/31/2005,5755651.1298,2956801.7827,2248502.0326,8510595.2559,4041267.9875,1050636.4607,43195.292404,3620996.4479,1246105.5838,568016.24765,257379.54678,63153.30362,908307.07618,1028977.8195,1019516.887,440746.77473,111638.21046,543721.35648,39256.165061,55138.147552,54078.612114,513991.3933,317685.82409,132002.02022,40243.528646
06/30/2005,5761637.3195,2960282.9981,2248654.073,8520041.0693,4046596.2678,1048472.1426,43744.718129,3626963.3663,1247247.4453,566780.06456,257338.80728,63307.636022,908258.94061,1032201.922,1019822.1355,441223.0394,111836.26674,543494.21693,39317.416493,55217.446647,54171.608071,513411.16376,318109.9946,131476.10838,40396.81197
07/31/2005,5769560.3196,2962231.3678,2249845.4478,8530314.1699,4050388.4488,1047074.8294,44850.001672,3633395.9705,1248699.8727,566552.59938,257864.19834,63047.67871,908905.93874,1033190.6678,1020134.7613,442571.80949,111730.32578,542215.64819,39512.05826,55098.893782,54048.195173,513560.26994,318868.60537,132020.53855,40219.10322
08/31/2005,5782233.8538,2963199.3352,2252054.6107,8543045.5836,4050800.4259,1049077.851,44497.659219,3643403.8773,1249462.6475,568645.65591,257791.70144,62929.971704,908693.36097,1034539.1373,1019966.837,442643.37563,112165.43646,543386.83891,39484.188046,55201.235847,54178.870503,513414.82165,318349.19633,132384.4863,40846.16104
09/30/2005,5793888.875,2965963.8271,2253814.7795,8557843.0787,4053016.138,1050669.2746,44484.423074,3655419.5406,1249582.991,568554.71364,257409.01053,62922.619203,909519.58063,1036869.5019,1019574.7446,442746.41665,112383.94016,546467.10527,39523.587127,55244.279047,54057.878206,512337.89283,318234.52467,131630.75219,41188.403355
10/31/2005,5767129.6598,2958030.7571,2249963.2539,8525233.6284,4048438.2586,1051509.0514,44363.701119,3639615.9446,1243087.3968,564916.8103,257121.09299,62388.415062,907284.16164,1034804.9639,1015941.6315,441669.83582,112307.16834,544574.31616,39880.892446,55409.087588,54195.839569,512704.78303,317237.04568,130863.43805,41120.847247
11/30/2005,5786355.857,2962495.0222,2251000.4525,8543727.5366,4054178.9545,1057909.6892,44506.128705,3652734.5324,1247137.4067,566459.80555,257250.53174,62773.58054,908318.12464,1036541.8209,1017635.0766,441726.40699,112464.78907,544198.80387,40139.336063,55325.431915,54146.326053,513502.09789,317456.46581,130821.72906,41219.065834
12/31/2005,5799824.5996,2961853.2003,2250642.9955,8556253.3788,4055921.0469,1055879.7452,44213.946135,3662430.6591,1250825.5938,567295.27383,256844.92997,62428.142863,906341.85093,1036634.7049,1018876.6445,441627.06486,112233.33867,543153.49542,39186.390264,55469.38255,54310.463083,514642.2193,317665.06535,130911.69329,41443.882735
01/31/2006,5797526.4325,2973699.7854,2250919.0777,8558014.9319,4066634.6307,1053619.5842,44312.975889,3662515.3562,1245689.7535,568606.17969,258019.78529,62695.357738,910058.98701,1040877.3481,1022763.4502,441474.89458,112871.59938,543478.20523,40287.191823,55732.869507,54635.036007,512176.18378,317922.68697,130743.98136,41596.429082
02/28/2006,5798887.8242,2977505.7506,2252510.3381,8563941.916,4072584.1278,1054626.9351,44660.452561,3665819.432,1244543.2555,568018.78673,257444.4903,63061.859744,909873.17909,1042991.7834,1024640.7882,442360.04247,112917.20778,543851.56796,40276.140116,55953.97268,54669.209408,511702.42597,317922.14677,130806.93262,42050.692305
03/31/2006,5812864.1332,2981314.8276,2253060.7796,8575924.8635,4077831.8488,1054753.8187,45200.772959,3677196.3044,1245972.5733,568216.32181,258369.74891,63109.184689,910957.43815,1045077.1039,1025280.2855,443246.69907,112441.00404,544152.23472,40346.076985,56019.48065,54691.090318,512113.09222,317357.98657,130793.21724,41899.897744
04/30/2006,5821052.7575,2974689.8219,2256612.0776,8585799.6149,4074067.1489,1048760.0806,45595.081893,3683577.2997,1247324.1016,568186.40146,258588.6643,63376.290406,906787.33883,1042313.8733,1025588.6097,444178.0059,112961.27585,545341.0194,40432.746049,55934.184703,54967.11065,511761.29934,317632.36225,131240.7769,42163.296553
05/31/2006,5831451.135,2974943.1851,2250773.4848,8593132.6418,4071874.2328,1045994.0828,45400.08615,3691728.0101,1249656.1418,568562.06687,258376.14561,63128.770576,907956.80331,1042353.497,1024632.8848,442407.72678,112689.43207,544711.28044,39993.600165,55691.279365,55015.773606,509978.2113,317524.95918,130931.52165,41829.700217
06/30/2006,5841369.1253,2977033.4393,2252275.3052,8607041.83,4073369.3182,1043503.0432,45800.456544,3698122.3885,1251498.9379,570229.1329,258176.88533,63341.78072,908105.12275,1043971.9306,1024956.3859,442441.79412,112720.01074,544554.41938,39903.678557,55863.593613,54732.949389,510683.34538,317690.92817,131631.52561,42053.060247
07/31/2006,5837519.0565,2975700.9768,2247492.6094,8596744.1462,4074309.4046,1043394.9334,45503.502592,3695288.2404,1251045.1469,569255.46611,258299.69343,63630.509663,907757.1636,1041334.9609,1026608.8524,441731.56297,111801.31816,543058.38299,39698.532612,55726.089709,54690.338598,509502.26628,317246.39432,131864.32903,42173.394749
08/31/2006,5841937.2536,2977943.77,2249235.8107,8602662.5301,4077962.7979,1041927.7149,45432.725405,3698980.9495,1251179.5,569912.13744,258262.13748,63602.52915,909398.65375,1043169.4213,1025375.6949,441666.29718,112753.08732,543939.05829,39781.3853,55530.162065,54798.899549,509681.75149,317074.0811,131684.22703,42326.861329
09/30/2006,5862006.5281,2974698.9427,2248409.2218,8623386.8067,4071996.0836,1037785.8867,45890.541096,3714990.7123,1252945.3323,571904.3686,258670.78277,63495.332103,909637.81148,1040313.2453,1024747.886,442125.95658,112518.95063,542325.30723,39679.167788,55403.269106,54703.998291,511202.75877,316949.01084,131365.72508,42135.077478
10/31/2006,5867797.6234,2974008.6272,2245874.6167,8623736.3987,4075099.0512,1037734.7305,45805.941851,3716640.3062,1256366.2724,572383.7234,258802.99679,63604.324613,909501.72021,1041256.3787,1023250.5283,443090.44956,112958.25778,537375.82818,39957.651655,55651.666121,54678.459997,511190.61632,317117.13536,131539.02702,42315.524747
11/30/2006,5885658.2148,2977358.5897,2252894.0276,8648123.8355,4078141.886,1043348.3263,45944.852165,3729942.5204,1260684.8016,573488.09855,257958.22181,63584.572531,909367.33813,1043776.0937,1024215.1579,443591.4599,113341.38587,542803.05792,39918.518365,55979.50176,54715.942191,511516.18207,317113.34871,131551.28132,42363.349521
12/31/2006,5901672.6004,2982156.1933,2258102.1394,8668487.6454,4084394.337,1029342.5049,46113.112591,3741059.4074,1262920.6324,575522.78762,258579.13895,63590.634103,910927.02473,1045727.1135,1025502.0551,445218.43113,113630.56476,544342.45323,40088.327064,55964.479533,54848.015235,512001.01089,317820.8354,131844.94129,42343.080844
01/31/2007,5921585.2495,2983691.4066,2261465.3281,8685668.8265,4078920.9184,1035252.3932,45524.884499,3749425.6286,1270053.1001,578792.96103,259923.53436,63390.02549,912309.15991,1045858.7861,1025523.4606,444315.10047,114272.12894,544133.53713,40401.03832,55860.197389,54797.742183,513248.1008,319479.86491,132313.5542,42644.063799
02/28/2007,5925236.8193,2979523.5243,2257539.833,8687445.9804,4071494.4481,1032358.3782,45434.429432,3757613.83,1267983.644,577537.26233,258958.6843,63143.398691,911195.31633,1044158.0564,1024170.1516,443441.99832,113457.58977,544444.06107,40505.60302,55850.314545,54823.834748,512797.22049,317666.68595,131914.50827,42638.016779
03/31/2007,5929347.473,2979964.4859,2260119.2179,8695381.9138,4075164.4145,1032058.893,45413.235571,3762820.6478,1267167.3934,577720.49352,258606.76022,63032.178024,911371.05553,1044814.2485,1023779.1819,443699.01395,113792.6439,545443.8021,40504.127337,55944.491554,54799.955409,512579.26602,318424.47692,132319.65614,42611.784567
04/30/2007,5927775.0295,2980469.8671,2248445.4975,8675679.8235,4076645.4789,1032105.1569,45495.875241,3760124.0976,1269087.7828,577061.85575,258534.38418,62966.909103,910016.29069,1044975.5235,1025478.053,441797.87628,113199.73848,541389.90902,40431.976678,55844.852369,54695.838352,510095.89897,317395.80437,131439.12494,42154.478065
05/31/2007,5938539.3748,2987056.3068,2260586.6375,8706169.6679,4083742.4352,1033037.2382,46597.683498,3767575.7269,1268999.7095,579926.80626,259111.95597,62925.176156,911778.29471,1047361.9406,1027916.0714,443699.89953,113781.17531,544717.75985,40715.669981,56013.066742,54843.458999,512934.79477,319412.87898,132070.70158,42397.23172
06/30/2007,5951436.9353,2992096.5667,2264815.3875,8728169.6468,4085369.7195,1034459.4195,47059.495468,3777793.6873,1269704.9262,581731.10751,259426.74296,62780.47133,913719.71602,1048444.8336,1029932.017,445148.96895,114050.12766,544554.19293,40886.887366,56045.818458,54853.140006,513509.6568,321009.77292,131999.87472,42756.947695
07/31/2007,5948965.2733,2995263.521,2261450.3873,8720185.9967,4084840.286,1044170.8723,45801.484674,3778571.0343,1267091.2115,581445.44724,259552.97304,62304.607165,916014.51732,1050258.8225,1028990.1811,443763.04186,114329.54375,544033.4603,40671.029849,56142.477035,54957.55269,512747.15717,320331.05672,131787.41081,42687.657089
08/31/2007,5948944.4659,2991861.6436,2261501.3765,8721391.1472,4086864.1949,1032552.7018,45609.69711,3779567.5857,1267049.4821,580820.28065,258774.02353,62733.093873,914094.29652,1048682.2067,1029085.1404,444434.4725,113931.9568,544410.16203,40349.433094,56178.389338,55015.806032,512149.88945,320500.56767,132006.43557,42524.263992
09/30/2007,5955927.7292,2984398.9094,2262184.6335,8728778.2723,4071361.29,1031933.6426,45952.137979,3784707.6211,1269205.5499,580049.73726,259118.67341,62846.147533,913220.08421,1043980.2557,1027198.5695,445310.54128,114156.41139,544825.59802,40929.586685,55921.908291,55287.279634,512041.17758,320137.45612,131100.74368,42473.930831
10/31/2007,5973831.2876,2991689.3346,2265558.0859,8748145.778,4087444.1489,1025973.8025,45776.953559,3800264.1962,1269005.5626,581910.52915,259636.60597,63014.393675,913079.4233,1049896.0497,1028713.8616,445996.98249,114214.55311,545550.39165,40723.081684,56624.54449,55521.86494,512184.89025,319857.78682,132174.28592,42709.704577
11/30/2007,5985882.8159,2992993.2334,2268906.8643,8763577.5022,4087130.935,1025551.4761,45569.719617,3808615.2576,1271473.065,582870.85394,259864.06482,63059.574628,914313.6399,1049153.8809,1029525.7126,446511.27811,114115.95611,546775.74608,40890.483754,57067.081634,55562.853107,512242.17395,320478.97049,132267.35415,42994.966941
12/31/2007,5991649.6862,2995231.085,2270747.5335,8768845.9949,4088020.8753,1020839.6516,45584.659118,3810822.7593,1274815.1918,583257.52144,259811.61363,62942.600136,916202.69001,1048298.7663,1030729.6287,447586.36428,113706.89621,547179.05303,41097.26459,57108.141331,55630.707955,512784.73304,320548.01683,132044.41623,43061.940047
01/31/2008,6013786.0649,3001533.3148,2273576.718,8788778.4108,4097530.5814,1020236.7914,45890.269273,3825598.0815,1277329.5866,586585.95112,261444.42773,62828.017963,913612.16904,1055134.0245,1032787.1213,447753.08278,114813.99781,548520.28637,40853.881982,56610.280319,55011.971365,512528.45871,322035.98109,132472.70036,42976.077208
02/29/2008,6017083.5989,2998605.2917,2272879.9744,8793541.3282,4095742.7096,1019637.6874,45867.793015,3832886.8203,1276713.5517,584327.70591,260311.32959,62844.191435,912504.68725,1054703.2665,1031397.3379,447344.87024,114510.97618,548555.6088,40959.964123,56722.402333,55199.777289,513662.90041,320717.06053,132265.50907,42940.905463
03/31/2008,6014935.4831,2994912.5577,2269456.2867,8789251.1697,4092930.8308,1018377.5843,45983.861738,3832206.9097,1276287.1188,584189.29028,259491.0093,62761.154941,911043.70339,1053195.9327,1030672.9216,446376.66965,114703.0939,547416.79197,40767.219175,56416.362582,55100.349573,512857.21136,320589.1343,132313.77809,42915.676115
04/30/2008,6019554.8699,2987544.7237,2275339.4689,8792365.3071,4084235.1882,1014785.4001,45777.756675,3839906.0829,1274255.8891,582988.16126,259815.7912,62588.945422,909061.22442,1052274.7658,1026208.7335,447869.36243,114729.76397,550121.78821,40939.529883,56495.178164,55281.769584,514174.25939,320675.60559,132060.06237,42992.149354
05/31/2008,6009315.8968,2979536.0455,2277991.6249,8792505.684,4070278.2879,1010925.7193,45800.947795,3833340.9483,1271691.0066,582362.30139,259430.30048,62491.340015,907943.26267,1048965.4808,1022627.3021,449118.32327,114552.85688,550520.71168,40932.864527,56328.313682,55366.358663,515352.52998,320565.24617,132103.08766,43151.332361
06/30/2008,6009642.4508,2972426.9017,2279336.7736,8795936.8826,4063315.5969,1024815.0621,45843.791913,3837421.3608,1268886.9677,581430.17645,259608.27821,62295.667605,906112.08235,1045802.605,1020512.2144,449258.36056,114682.93605,551519.51624,40834.912945,56435.412403,55594.358939,514836.23925,321013.64619,132192.55153,42968.839514
07/31/2008,6016470.2644,2967248.9741,2280890.2349,8807019.6791,4056633.9318,1011306.4863,45856.96243,3841531.0395,1272301.5571,581603.01811,258930.04632,62104.60337,903406.26888,1045723.7725,1018118.9327,449394.65427,114876.39624,552458.86656,40816.480746,56327.677625,55690.936321,515135.02501,320997.20156,132192.81853,43000.178029
08/31/2008,6014877.9506,2960574.7557,2278940.6575,8802240.0376,4045164.1775,1012255.0459,45709.082771,3843534.0663,1270149.5721,580262.84705,258851.84435,62079.620801,901247.95377,1042624.2734,1016702.5285,449171.03983,114402.5995,551133.95037,40804.355868,56598.607956,55391.024156,514473.35002,322166.17003,131922.4416,42877.118201
09/30/2008,6003834.8634,2950898.5143,2272076.5987,8786992.3672,4032083.3109,1014406.7932,45320.323322,3838755.7731,1265357.7552,579396.18373,258507.95474,61817.196645,897743.55214,1039195.8073,1013959.1548,447622.08699,113958.26328,550662.11961,40673.761989,55821.083946,54856.318023,514120.71572,320737.96624,130847.16164,42777.121201
10/31/2008,5985417.4645,2939840.404,2269817.7436,8759390.5382,4018832.5426,1006581.887,45365.525403,3826736.7479,1262394.3058,577224.21583,257538.69787,61523.497069,896673.79897,1035861.0047,1007305.6003,447507.88795,113624.13369,550026.65137,40221.672216,55703.214666,55069.076408,512688.63823,320131.16911,131935.7901,42909.509821
11/30/2008,5966690.011,2928426.9946,2259703.4783,8727668.3036,3995164.6127,1002109.1152,45081.323659,3817108.2269,1256808.1214,574854.70081,256656.5498,61262.41207,896332.75861,1030604.4829,1001489.753,446081.70378,113214.96065,546870.50702,39918.236477,55433.217708,54892.649103,510328.93894,318572.41026,131658.16323,42732.691093
12/31/2008,5948894.1145,2912756.7007,2254155.4667,8698487.8517,3978370.1476,1009362.1552,44846.075372,3807171.4635,1252491.0406,572261.43932,255758.35793,61211.813114,892783.25638,1023178.3174,996795.1269,445034.41649,113029.56603,544965.28272,39651.145348,55250.09275,54877.918342,509156.53983,317720.47273,131569.35484,42900.677575
01/31/2009,5917663.5401,2893468.2552,2243208.6722,8656298.3555,3961985.452,991419.02696,44495.707803,3787806.116,1246755.5721,567655.88657,254449.84408,60996.121365,884692.62403,1017372.1937,991403.43742,443530.77631,112231.83299,540992.87202,39519.110089,55469.722872,54840.555014,507230.95921,316698.22915,129992.47152,42702.143017
02/28/2009,5896797.8233,2880351.2809,2237450.1765,8630070.0172,3944165.0018,985097.9004,44390.403017,3770911.8073,1246215.327,565083.80885,253590.04594,60996.834139,881678.47408,1012250.4814,986422.32545,442994.26881,112302.54209,539101.45395,39277.51586,55629.98515,54579.3088,504486.05609,315577.91738,130867.16264,42633.965759
03/31/2009,5869221.2587,2864184.8454,2229594.8441,8592293.0845,3922957.05,980408.20628,43967.343666,3751820.4961,1241028.9677,562979.84595,252393.04286,60998.90611,877547.57539,1005936.7015,980700.56857,441388.39769,111810.4764,537765.44288,39310.669137,55647.119732,54527.373231,502606.18084,313773.31906,130155.63677,42610.228369
04/30/2009,5829133.1146,2851806.0337,2217043.4389,8531637.6292,3911384.1127,978891.089,43653.54379,3729272.8429,1231833.8434,557062.91984,250502.9262,60460.582302,874383.89899,1000583.0068,976839.1279,439962.01385,110925.20969,535543.69881,38407.663376,55380.399619,54135.34078,498458.41578,311999.33262,129822.61443,42408.74994
05/31/2009,5829916.986,2847493.8794,2213538.4472,8535913.9005,3906429.0518,976919.06169,43733.327542,3725104.2927,1235066.624,558370.99651,251012.21653,60362.8563,871690.58398,999355.6622,976447.63324,438733.50124,111136.5995,534446.89533,38744.947317,55593.229984,54053.375627,498004.65959,310518.82217,129696.35591,42610.060484
06/30/2009,5813409.0187,2834926.2959,2205524.3313,8513476.5911,3890243.1131,982340.54279,43363.417696,3716886.5712,1230218.2174,556631.60297,249935.65335,59736.973716,868723.59625,994735.73027,971466.9694,437558.12344,110549.75711,533286.57195,38503.381648,54916.731861,54158.714721,495777.93079,309475.52298,128896.05022,42401.546586
07/31/2009,5840099.8644,2822570.4836,2212208.4657,8545641.0795,3880156.8196,961160.18953,43562.040782,3743216.9068,1230160.7038,556840.34186,249611.45015,60270.461836,865830.01247,992095.08968,964645.38146,436719.08449,110647.15839,537121.91314,38742.367148,54797.49974,53888.242302,500186.73028,308922.52171,128722.5934,42460.355092
08/31/2009,5831250.2865,2819281.1571,2207471.6742,8533420.3546,3877151.4036,950616.46646,43610.990354,3734910.666,1229912.9217,556126.09932,249572.04105,60728.558408,862662.21128,991913.59065,964705.35518,436126.19579,110580.77404,535122.5684,38530.973423,54849.119956,53954.603706,498457.24324,308677.43909,128848.33703,42324.419497
09/30/2009,5797130.0853,2817850.1391,2203509.8476,8498534.7107,3871759.7704,946254.85727,43188.195127,3706567.7571,1227912.533,554239.02069,248415.88567,59994.888786,862681.24339,990906.60245,964262.29326,435535.65851,110309.93148,533836.78052,38963.064368,55073.020056,54150.795087,495945.2339,308166.96313,128866.65461,42661.745936
10/31/2009,5797250.8899,2821550.2134,2201617.9941,8487499.7885,3865803.9762,947038.55005,43410.999578,3709224.3557,1226328.6906,552736.04005,249131.40323,59830.400313,863767.53919,989819.84746,967962.82676,435209.16038,109888.53566,533391.33143,38630.206592,54879.862742,54125.540686,496164.84944,308006.2591,128726.55788,42595.690183
11/30/2009,5796688.6492,2822531.4599,2201235.7793,8485520.2694,3864990.1907,941960.79086,43238.694434,3709228.7907,1224804.5732,553076.16226,249605.80181,59973.321299,864337.94886,989275.28432,968918.22673,434921.20179,109406.01842,533350.39803,38752.682382,54718.353325,54244.964995,495974.7926,308423.21312,128753.82599,42690.328611
12/31/2009,5802272.1437,2822167.1118,2198235.3657,8482790.9949,3866239.6868,942957.308,43377.202275,3716280.4514,1224997.8214,551950.46296,249275.22647,59768.181423,864676.6002,989138.59435,968351.91721,434238.53433,109311.50662,532365.64167,38575.478941,54380.111293,54167.578699,495901.11345,308160.7338,128476.52129,42658.145657
01/31/2010,5810684.7446,2809679.8405,2201060.3323,8489078.4629,3854778.4111,942410.94412,43794.790594,3719818.9861,1227778.7824,554065.16525,249355.96861,59665.842223,867860.03392,985776.54546,956043.26114,434085.86133,109405.68816,533604.40526,38789.059032,54535.825759,54267.053126,497375.04847,307597.29896,128764.2203,42635.871893
02/28/2010,5812902.3175,2802272.521,2199746.9785,8490164.6587,3838444.3535,941148.99054,44308.491049,3723440.7132,1226897.8941,553688.60764,249336.05135,59539.051148,864322.63601,983825.64347,954124.24156,433372.59531,109171.70837,533652.11493,38706.020857,54244.670467,54339.094864,497054.59064,307674.30375,128786.19582,42745.683455
03/31/2010,5826955.9912,2807249.664,2201369.4494,8509114.4117,3844092.6484,946872.77406,43866.287685,3733663.5995,1230124.2984,554029.43558,249155.01385,59983.643935,866048.67755,986287.85579,954913.13069,433497.31965,109016.70374,534120.64732,38938.851393,54232.699639,54242.826137,497658.99237,307558.76656,129042.24529,43060.397351
04/30/2010,5855860.1611,2826337.0273,2213390.0998,8554444.3982,3868487.7901,932210.25465,44025.210611,3752351.7818,1236633.6736,555877.19237,250749.29723,60248.216151,869625.28899,991965.45647,964746.28183,435245.78317,109614.53558,537479.7858,39108.541865,55295.310901,54506.260155,498994.31389,310126.54532,129870.8842,43148.138875
05/31/2010,5873154.0696,2828585.849,2212275.7214,8580008.7466,3869791.1835,934789.48473,43862.070706,3769243.4274,1236033.9454,556297.20075,251391.28667,60188.209447,870702.36298,991774.95867,966108.52731,434967.91095,109096.11,537139.32277,39147.147223,55005.0791,54752.689261,499038.02254,309306.18186,130359.59028,43463.667379
06/30/2010,5864238.3582,2827095.2169,2205219.9449,8558148.6286,3861596.7199,931291.5863,44011.755254,3763746.4263,1233093.381,555703.37882,251376.91685,60318.255187,870686.95111,992184.66665,964223.59911,433365.79485,108552.55933,535249.89301,39249.585565,54692.031316,54454.758376,498501.87092,308488.17498,129674.79554,42990.48103
07/31/2010,5842896.5725,2818324.9944,2204026.379,8530262.6985,3852843.677,929878.44071,44167.337363,3745754.7092,1231626.0342,554430.22946,251162.91103,59922.688574,867000.29092,988161.22989,963163.47359,432662.89726,108401.21174,534048.60444,39293.23084,54458.333366,54234.635624,499102.34847,309340.67378,129611.24928,42873.194195
08/31/2010,5850932.6195,2816824.8817,2201965.6433,8529868.3955,3846345.9702,928475.83311,44220.522356,3750612.3826,1233320.1233,555099.51107,251694.489,60206.113606,867778.61764,988324.59322,960721.67083,431698.11409,107970.63303,534354.83971,39196.15134,54805.837665,54370.523275,499429.41882,307859.09723,129188.76943,43092.258715
09/30/2010,5860323.9292,2809344.219,2202465.9708,8543273.6896,3833906.7675,925751.65924,44370.163313,3758795.7562,1235712.5419,554186.32755,251354.14668,60275.156878,868042.50453,983513.50253,957788.21198,431722.85817,108551.17028,534972.75769,39278.998238,54776.687419,54387.725769,498848.39976,308012.19394,128794.25589,43120.923617
10/31/2010,5880742.1098,2816159.767,2206966.6627,8576279.5757,3843089.892,923627.307,44176.444762,3772892.7005,1240422.8451,555968.02405,251557.09223,59901.447855,870349.57422,988350.32139,957459.87136,431062.63503,108733.26317,536725.4077,39516.461184,54431.200391,54269.161526,501149.42523,309021.30636,129079.80533,42977.996778
11/30/2010,5887599.4928,2815215.5458,2208174.1796,8589190.0235,3841380.3852,921438.83845,45275.612948,3777431.8244,1242900.709,556361.94387,251362.76727,59542.248224,869351.66525,988130.77656,957733.10399,431248.41529,108631.81433,537681.71297,39441.741084,54720.919444,54302.331405,501515.98315,308976.0001,128697.69191,42957.56995
12/31/2010,5889987.4446,2814992.6749,2206350.7963,8582125.6496,3840986.8786,921900.07613,44480.504446,3783727.5651,1239935.2561,555431.50458,251566.86317,59326.255573,868981.4003,989184.32803,956826.94654,431672.7197,107877.21686,538008.98126,39460.471882,54913.787057,54309.137999,500099.42499,308283.47803,128863.28626,42862.292256
01/31/2011,5912004.9648,2811221.8758,2209497.2295,8633382.4945,3833538.8181,921417.93212,43824.837202,3798897.1993,1240607.838,560781.3804,251819.04343,59899.503608,870365.26104,987108.18093,953748.43381,430802.92496,108936.92126,539404.47083,39455.131921,55063.011888,54115.258719,501180.74877,309500.24735,127957.09154,43081.422258
02/28/2011,5922205.9894,2809757.53,2209399.7849,8643639.7674,3834524.6103,922282.17903,44475.716157,3809445.2197,1240596.2058,560911.88529,251761.874,59490.804543,870567.06794,985531.05158,953659.41048,431596.47809,108066.46781,539683.38723,39531.906463,55170.895443,54171.52896,501162.86182,308869.19881,128416.48323,42730.577071
03/31/2011,5930834.4468,2813929.442,2207691.651,8651621.9372,3837844.4373,921445.57616,44393.424115,3815512.1296,1242725.2272,560910.34709,252071.95588,59614.787017,871216.44715,989343.28825,953369.70657,431142.05624,107840.40772,538536.20359,39552.761479,55229.852484,54278.771821,501536.70488,309352.85946,127944.91574,42277.117587
04/30/2011,5962629.6783,2817405.1844,2222287.2939,8695683.9408,3855709.5195,923805.69258,44288.791428,3837193.7323,1249834.8911,563032.71405,252806.96802,59761.372837,872150.20184,991137.38858,954117.59396,434047.76632,108062.26362,542186.74737,39713.858972,55193.73777,54528.374022,506143.58884,311823.23745,128039.3719,42548.347632
05/31/2011,5953863.756,2810401.2146,2212638.9741,8669040.5283,3841905.9493,920688.46326,43988.187841,3833820.4553,1247660.9676,561215.27677,251767.08031,59399.976047,870992.05629,988165.27037,951243.88796,432067.97245,107659.63605,540190.41276,39655.432752,54758.32645,54226.974327,504229.64411,309904.36287,127483.14147,42463.070919
06/30/2011,5963819.4147,2810386.0385,2217384.7161,8673309.968,3839505.2147,922185.96736,44131.456858,3837281.9997,1253200.9972,562526.75023,251494.10513,59315.562449,869857.98072,988618.50859,951909.5492,431696.54,108115.64424,540940.93567,39802.090251,55101.066504,54349.356004,505435.87633,311849.45538,127367.02637,42726.725319
07/31/2011,5983716.5875,2817823.4486,2220353.4763,8697663.796,3850672.6774,927647.57258,43764.249632,3852799.6029,1255881.1408,563582.85839,252198.68835,59254.297031,869893.33131,992160.94387,955769.17337,434652.32904,107795.379,540943.98359,39583.905676,55623.508221,54775.424253,506363.96947,310762.60695,127248.70251,42603.667629
08/31/2011,5990424.7428,2814558.1534,2220334.5335,8704804.2892,3844258.981,922497.46013,43727.180886,3862350.0742,1254646.4046,562115.19176,252041.98374,59271.088401,871267.61045,988625.44174,954665.10119,434085.89824,108036.48157,540187.23409,39873.185343,55995.030291,54459.223919,507479.23821,310451.11823,127199.09055,42568.033037
09/30/2011,5999490.338,2820817.4875,2225289.8221,8725132.9286,3853064.427,924146.90381,43660.134756,3869103.0805,1255270.7987,564105.60432,252063.99069,58946.863825,871647.35749,991179.42461,957990.70536,435237.68612,106728.19489,544565.33709,39517.564995,55651.125185,54403.709857,508498.45707,310472.63289,127811.69336,42403.420683
10/31/2011,5991085.3398,2822531.0522,2218129.0304,8720081.7807,3856143.5986,925064.42162,43080.801428,3864085.2425,1252846.7849,562889.2389,251870.87703,59393.196502,869383.10266,992519.27593,960628.6736,434908.93869,107672.437,540392.45949,39314.374808,55273.293333,54447.105916,507287.93879,309594.00171,127078.91019,42159.570491
11/30/2011,6003361.4514,2827241.8034,2219876.9583,8738822.5081,3859433.5322,931306.43397,43097.5072,3873273.9704,1255577.397,563224.6202,251864.99003,59420.473733,872211.32403,993108.86045,961921.61897,435478.60542,107909.95602,541416.50922,38953.199723,55117.994656,54311.677633,507664.05313,309606.89864,127270.14589,42147.91793
12/31/2011,6008878.8829,2828890.1798,2222143.8262,8740667.9573,3862214.6798,926698.61992,42806.261617,3877454.4749,1255882.0988,563339.33238,252625.50441,59577.47242,872258.07317,995153.24245,961478.86417,435971.80525,107562.25913,541932.13267,39248.146002,55303.128417,54350.442578,508595.56901,309829.70296,127253.87469,42096.765449
01/31/2012,6033479.7401,2833810.0424,2224967.0107,8767830.3434,3874729.0777,933610.00764,42511.057326,3890708.1394,1267223.7017,563268.4187,252366.66339,59912.81684,872603.16811,997874.64897,963332.22534,437669.03434,107641.34865,543304.27131,39069.235449,55025.280973,54581.077474,507823.63505,309840.08693,128089.27183,41923.768707
02/29/2012,6052785.9173,2841988.0233,2228621.8659,8792429.7139,3882815.6522,932078.28716,42136.793644,3903688.1279,1271717.7792,565030.40572,252813.85992,59535.744559,876430.35895,1001159.8589,964397.80551,438098.91972,107778.62222,545357.82342,39222.725469,55314.016165,54530.73062,508314.40658,310437.30629,127593.13885,41974.176548
03/31/2012,6066088.1947,2852244.2229,2230616.8328,8810334.4004,3892923.3068,932815.46995,41863.382574,3914866.7059,1273111.1609,565890.60335,252434.23581,59785.488809,880817.95399,1004734.886,966691.38293,438547.85438,108014.86926,545356.62585,39024.349108,55321.154297,54544.758147,509296.17906,310861.44598,127631.84237,42017.754391
04/30/2012,6054647.1918,2832139.5563,2225704.8449,8794765.9974,3879741.5073,938859.6229,41704.391107,3915933.5462,1264024.4192,563930.38261,251665.48401,59093.359844,874153.4886,998299.38456,959686.68318,439763.81083,107623.60754,543420.924,39239.725638,55295.176868,54434.310026,506937.85087,310090.01533,126939.47852,41959.94528
05/31/2012,6072220.0426,2838372.4954,2229025.3217,8815962.6527,3883771.0088,937598.931,40063.239937,3931902.9426,1265513.0113,564633.1813,251194.32843,58976.578947,876996.09799,1000979.5118,960396.8856,439770.97504,107551.14236,544043.68017,39169.10943,55546.408739,54755.813586,508644.30793,310561.5951,127004.94539,41977.343912
06/30/2012,6078659.9104,2848188.6361,2230709.1654,8816952.005,3893301.1286,943139.76134,40079.851995,3936049.0574,1268083.119,563405.5073,252112.99294,59009.23375,880412.22921,1005416.2026,962360.20434,439908.65918,107181.51581,544110.96007,39171.666771,55920.740805,54400.695734,509136.10451,311078.41414,127644.10142,42156.306924
07/31/2012,6063228.3684,2836785.8829,2227040.3498,8795066.9458,3883370.7699,942245.76857,39694.410365,3923277.7321,1266199.0676,563555.61454,251216.63347,58979.320664,872916.59334,1003319.0148,960550.27479,439228.26327,106950.7456,543253.37047,39197.43199,55886.457579,54846.831579,508552.48239,310262.84668,127139.92485,41721.995361
08/31/2012,6084103.4506,2845198.6542,2228145.8039,8824694.8366,3890901.2982,944117.12455,39449.87805,3940554.1819,1267424.5469,565470.63542,251921.21075,58732.875756,876542.36723,1005187.8091,963468.47785,440310.21549,106490.7471,544176.99544,39260.463405,55704.764365,54893.758382,507364.33611,311149.51706,126945.64816,41849.358408
09/30/2012,6104221.6672,2848568.0875,2229967.9801,8840238.3123,3898053.6588,945727.17033,39126.547579,3957376.1532,1270558.9974,564974.35004,252593.44095,58718.725539,876979.90119,1006282.5714,965305.61487,441011.30412,106513.34058,543514.85553,38934.773411,55663.994451,55412.425164,508553.57198,311766.87514,126696.78886,41900.05083
10/31/2012,6109201.3628,2847018.5204,2230333.3812,8858845.0382,3900377.1759,944817.14427,39423.740768,3961506.995,1270161.1439,565370.25822,253358.50622,58804.459521,878034.23672,1004712.3126,964271.97104,441376.69157,106320.61126,543459.69574,39037.564913,56019.616846,55202.511801,509102.58154,311069.75622,126591.14013,42153.211155
11/30/2012,6082996.425,2835978.3008,2231291.372,8837359.7473,3885464.755,944114.25131,39357.390488,3946345.5539,1260631.9489,564166.73553,253054.05684,58798.129826,875070.76614,998926.79409,961980.74055,442659.35514,106164.79834,543768.07899,38661.037395,56025.787221,55364.168451,509273.67412,310848.40128,126396.27828,42129.792759
12/31/2012,6123524.3507,2851406.625,2234610.7504,8876488.8597,3906449.7359,941625.45507,39328.960621,3970500.4806,1274692.4001,566504.58156,253068.55133,58758.337093,877595.76921,1007307.9438,966502.91199,442195.32846,106654.49289,544370.57346,39023.204432,56185.778616,55546.30554,510098.66131,311774.41701,126420.81153,42341.177168
01/31/2013,6126832.0622,2857917.6389,2233281.6532,8876679.3465,3919794.1302,935441.77408,39342.496648,3975623.2931,1276189.9568,563916.58466,252623.53887,58478.68879,877532.21104,1010991.296,969394.1318,442287.72984,107052.89926,545312.74913,39072.649567,54444.662683,55587.805969,508912.03269,311887.11825,126600.98647,42123.019379
02/28/2013,6137435.4276,2865264.5952,2236066.861,8893015.8282,3928619.9039,933245.82806,39143.501518,3979463.062,1280829.9584,564601.49963,253687.08719,58853.820367,878352.33251,1014268.4832,972643.77951,443692.83035,106364.00666,545846.71737,38597.568728,54756.65941,55947.562921,510254.15396,312060.90657,126273.45731,42272.997747
03/31/2013,6152299.4769,2873745.4093,2237555.031,8913354.3461,3932334.405,932067.43322,39088.194213,3992211.5724,1282192.6827,565343.46299,253817.6268,58734.132028,880226.29219,1018634.531,974884.58615,444222.25252,106167.20707,546592.63887,38492.901335,54623.912852,55998.17289,510304.84201,312933.88963,126169.29333,42049.920447
04/30/2013,6177319.8029,2865093.028,2234746.7745,8933491.2282,3923346.1916,927791.01042,39029.707039,4010726.0257,1286631.3858,567722.98119,253311.85285,58927.55725,880105.04178,1014092.4344,970895.55181,444288.73862,105990.98096,545661.14214,38051.525412,54974.684048,55753.601674,510276.4141,311475.89532,125882.00471,42391.787515
05/31/2013,6176461.3661,2866989.1923,2238505.6749,8927466.7087,3922338.2975,928123.52543,38916.37984,4011376.9521,1285632.4752,566953.68392,253253.61106,59244.643812,879785.60824,1015563.5988,971639.98521,445025.01013,106489.43531,545965.48044,38184.643954,54866.316412,56467.961961,510529.70345,312025.42704,126674.38496,42277.311237
06/30/2013,6185513.1241,2871464.8715,2233325.3121,8936492.5059,3930555.9905,926884.7581,38797.168229,4018086.5914,1287069.8241,567994.32163,253473.97234,58888.414588,883761.74046,1017129.1084,970574.02265,445142.68064,105981.42091,545842.72766,37976.917948,55196.523911,54894.391204,509138.67491,310946.52792,126226.69718,41978.749808
07/31/2013,6203668.3271,2873320.6663,2233850.9322,8949570.6923,3933155.8994,918511.22344,38162.463899,4032595.7835,1288486.044,568850.83702,254129.95827,59605.704345,885445.80758,1018020.3923,969854.46643,445378.72344,105671.35006,546725.67642,38015.191149,55080.478999,54908.870071,508796.42787,311023.51959,125975.78077,42274.913802
08/31/2013,6209249.184,2880705.8407,2235717.5281,8966244.7426,3943654.1572,924032.90036,38330.524896,4038650.2166,1288958.8849,567899.77085,254149.74214,59590.56945,887968.04821,1022874.4101,969863.38234,445153.407,105790.81296,547382.86749,37947.060051,54948.919573,55501.371648,509374.35163,310817.64763,126499.86764,42301.222494
09/30/2013,6223351.5618,2883843.3036,2240375.5708,8995391.4852,3942826.6918,920243.58982,38257.252733,4047628.2042,1290811.135,569456.04988,255695.76578,59760.406935,888056.00292,1025015.5073,970771.79333,446061.40875,105295.718,548429.98742,37931.848575,54693.120308,56873.13157,510720.83895,311648.10684,126535.59382,42185.8166
10/31/2013,6250419.1583,2884377.1807,2242248.4922,9010467.9327,3942500.7237,920870.12141,38192.223044,4068406.906,1295864.8176,571856.95059,254376.00675,59914.47733,887465.28873,1025855.4501,971056.44181,445806.58338,105153.38864,549062.61558,37982.540717,55002.833442,56852.81074,510420.38387,312731.31548,126903.94202,42332.078369
11/30/2013,6267196.8286,2893255.6854,2244865.6379,9033879.2812,3948444.5293,921640.90665,38052.33498,4082465.2628,1297829.8678,572365.3236,254460.6031,60075.771258,889903.83348,1027369.9304,975981.92145,447055.55113,104803.32682,549600.98379,37985.458304,54994.189005,57005.033522,511344.36421,313031.05283,126612.18865,42433.489606
12/31/2013,6271871.1013,2886116.9064,2244148.2286,9033128.0108,3945347.4543,922150.97542,37988.324503,4089108.1052,1297523.1237,571190.00023,254294.82693,59755.045193,888091.72157,1026049.3816,971975.80318,447324.6294,104135.03606,549218.11226,37825.42968,55209.635013,57433.274736,511536.02157,312642.29136,126542.4183,42281.38024
01/31/2014,6269368.5612,2884523.7868,2238329.995,9019682.6445,3944723.0308,916956.8217,37607.713163,4092322.8654,1293791.6333,570928.63818,252694.83192,59630.592469,886903.79481,1028977.5719,968642.4201,444950.32676,104372.16177,548814.29136,38127.468143,55320.62293,55534.786498,511006.42701,311504.08658,126052.95649,42646.867489
02/28/2014,6285925.2813,2880230.7323,2243917.5763,9045676.1171,3938114.3711,916826.44151,38067.141835,4105840.7864,1296080.6225,570586.44057,253733.63989,59683.79186,883531.04594,1028179.4708,968520.21559,446471.63437,104309.28859,549597.18743,38276.516688,55312.79647,56688.786339,512202.46137,312766.90464,125711.53961,42580.460784
03/31/2014,6297595.3626,2888003.2969,2243978.8634,9060373.8464,3940541.6165,915158.70973,37625.26628,4114895.566,1297412.9606,571442.8485,254272.66171,59571.325786,886219.71464,1031291.9494,970491.63291,447287.45787,104561.28921,549482.96176,38250.796097,55360.799961,56844.205766,512269.38193,312057.50127,125489.93293,42374.536554
04/30/2014,6315976.2569,2901745.1773,2244540.0992,9084150.908,3965454.3044,912102.35012,37649.789939,4131556.4935,1298164.4621,571665.38432,254832.99977,59756.917177,891005.67806,1035918.2767,974821.22245,447498.36596,104393.99847,551384.90624,38080.976794,55369.480661,56293.860145,511206.75801,312577.30184,125552.08448,42182.366613
05/31/2014,6334394.4818,2907149.8654,2243617.8033,9103385.37,3970426.445,913108.81309,37652.167069,4144817.076,1300831.9928,573406.50647,255424.51215,59914.394396,890926.75713,1038372.1487,977850.95961,448078.5293,104052.55428,550562.3384,38101.344362,55872.365343,56101.764774,511190.06388,311644.25524,125631.36635,42383.221363
06/30/2014,6345088.7919,2905424.0786,2245881.3499,9122247.8555,3967123.438,905413.89009,37571.28464,4156268.9002,1299176.4315,574018.87641,255786.36243,59838.221252,891495.32567,1039248.6826,974680.07032,448461.04873,104815.8839,551352.21511,38177.985086,55184.806899,56415.996188,511592.42401,312376.56105,125216.0619,42288.367015
07/31/2014,6358570.7221,2911696.6476,2245780.2077,9132327.8259,3970628.4547,901794.10095,37661.781838,4167120.5118,1301734.2875,574355.48539,255554.26469,59806.172711,894563.34073,1042799.8716,974333.43527,448866.98214,104301.34553,551666.39887,38033.020061,55142.114162,56051.374671,511465.97197,312391.18411,125528.86508,42332.951064
08/31/2014,6380302.5976,2912057.1116,2247504.281,9156978.1462,3972043.0974,906908.73253,37746.769737,4186434.9122,1303254.7199,574484.77919,256196.03034,59932.155874,894042.11555,1041487.6535,976527.34258,449366.75214,104169.75157,551829.08703,38162.567761,55319.022186,55878.728396,512229.08938,312887.21963,125283.34851,42378.714422
09/30/2014,6385005.407,2915875.4956,2248041.6689,9161081.1143,3975688.3521,905923.61531,38080.370318,4190749.0256,1303105.9528,575044.33366,256187.75514,59918.339702,895158.03799,1042802.5669,977914.89071,449488.60919,104158.82012,551895.6775,38211.934552,55362.706176,55732.677092,512383.99378,312654.68683,125665.39465,42487.169
10/31/2014,6406781.0533,2916291.5413,2251022.7405,9176559.52,3977336.1079,907263.56339,37978.947385,4206251.2497,1306949.7229,576964.64055,256826.47097,59788.969185,893637.91958,1046001.8001,976651.82164,451510.32078,103961.93868,552140.3542,38702.151653,55706.404779,56122.061734,512686.93678,312740.44862,125114.79627,42337.326985
11/30/2014,6424630.8828,2920550.0187,2249601.7876,9193772.2211,3980209.5106,907956.28039,37991.180748,4219240.7059,1308891.9426,578369.53711,258338.70063,59789.996552,894400.08362,1047272.1869,978877.74813,451396.16674,103751.63333,551487.9215,38293.805499,55486.679889,56154.610008,512947.14143,312896.33686,125061.99014,42125.502166
12/31/2014,6434657.5262,2926842.9008,2252056.6931,9206190.0836,3988253.8485,908569.96569,38203.741183,4229256.4693,1308235.1837,579276.6428,257877.37378,60011.85666,898231.88049,1049711.2955,978899.72489,451873.62157,103619.83086,552680.43946,38229.164562,55556.429598,56174.956096,513629.78123,312640.44128,125542.43708,42109.59137
01/31/2015,6445265.5676,2924550.6443,2253896.6016,9214212.2831,3982761.6451,907351.21002,38116.806119,4238820.8938,1308856.0423,579406.66951,258114.26595,60067.696,898181.94543,1046609.249,979759.44994,454415.51235,103291.07603,551996.61935,37767.543239,55788.106144,56422.139758,513892.05916,312892.11211,125075.65102,42355.782448
02/28/2015,6451035.1203,2923299.1029,2251412.3818,9218091.1154,3982258.626,907631.37515,37889.419355,4245383.1757,1309020.374,578723.80463,258021.32031,59886.445668,895649.09648,1048924.3554,978725.65105,453423.7258,103154.27373,551883.39044,37951.123701,55832.388155,56518.354834,512990.50258,312703.98327,124695.61159,42259.027665
03/31/2015,6458166.8283,2931095.7842,2252070.6703,9226081.8289,3986601.67,907810.49186,37836.367677,4251401.1556,1308847.8915,579515.13965,258467.43072,59935.210728,899336.98147,1051363.2926,980395.51019,453116.93145,102848.88983,551855.45922,38101.176119,55999.262567,56497.482699,512885.74061,313026.16654,125289.13827,42450.42296
04/30/2015,6477551.0841,2934442.6725,2255169.2552,9249321.2625,3994650.7706,907016.68055,37750.605898,4265201.8054,1312605.1195,580583.89649,259092.16418,60068.098518,899168.80911,1055341.8228,979932.04056,453968.06615,102997.58958,553626.65214,38198.58241,55051.129344,56911.206196,514437.31911,313100.38336,124613.47459,42264.852358
05/31/2015,6496960.3847,2941037.0144,2262634.6386,9277597.8879,4005954.844,901561.86071,37972.728838,4274520.0401,1319828.7341,582659.50762,259544.63151,60407.471336,902251.96828,1059678.9289,979106.11723,455206.34977,102995.46355,555932.25739,38222.545107,56455.415453,56935.097373,515482.29546,313537.78362,125174.42627,42693.004655
06/30/2015,6506060.3673,2936863.6225,2263567.457,9288621.7894,4001745.4067,896732.31567,37834.426813,4283463.3401,1319432.934,583543.94332,259446.11786,60174.031889,901436.00575,1059176.8238,976250.79295,455220.03209,102785.31387,556327.73689,38282.676991,56045.22727,57099.710309,516598.93806,312751.39985,125475.52933,42980.892297
07/31/2015,6525632.961,2946165.9585,2267149.2566,9310689.407,4012218.566,897481.99806,38067.031585,4299467.308,1322396.4993,584025.77631,259540.59661,60202.780754,902839.02541,1060639.1117,982687.82146,455959.32817,103067.57745,557144.77321,38252.663362,55869.743294,56985.448702,517802.35552,313589.00966,125691.37558,42786.981686
08/31/2015,6536230.9121,2950793.5574,2267800.4495,9318688.5143,4016730.5399,899037.27069,37704.458706,4305545.3268,1323770.9163,586218.22397,260228.49619,60467.948826,902590.20766,1065712.387,982490.96277,456100.83133,102889.16907,557092.63901,38099.65937,56040.111935,57283.036027,518519.95944,313206.24303,125801.96662,42766.833711
09/30/2015,6535780.489,2951824.2841,2266895.9762,9317977.7922,4019176.5629,899646.03942,37373.652918,4305021.3827,1324550.0694,585729.21453,259921.92737,60557.894962,903380.44394,1066326.9221,982116.91813,455882.32658,102798.50871,556777.60119,38101.308527,56685.628414,56732.414259,517382.82943,313650.35321,126094.30826,42790.697644
10/31/2015,6561218.1232,2961018.9948,2270599.8542,9347970.4682,4033376.788,899449.13233,37860.503959,4329493.1425,1325244.1835,584936.56108,260853.99992,60690.236142,905930.03294,1068657.0801,986431.88178,457252.69705,102941.53193,558552.0566,37918.649224,55844.120394,56935.22572,518885.23577,314433.33171,125103.50557,42733.500236
11/30/2015,6569109.8765,2962496.7024,2273092.8654,9360839.3269,4036266.7716,895531.58816,38055.6768,4336699.14,1324891.2189,585511.95948,261176.54155,60831.016508,906155.61307,1069700.4089,986640.68049,457207.66359,103408.92771,558582.04779,37823.414815,55887.219145,57042.513462,519276.97539,314953.05592,125868.42351,43042.624033
12/31/2015,6577234.6826,2963671.6049,2274147.0599,9368379.8429,4038590.9881,896669.09792,38061.354746,4344255.1297,1326360.8243,583961.36531,261648.3529,61009.010447,905040.20356,1073031.9651,985599.43621,458152.35958,103295.57821,559194.19989,37745.844266,55573.079512,57157.890945,519507.46705,315244.06326,125343.14061,42933.436588
01/31/2016,6589097.4533,2964417.1362,2275477.0575,9376900.0651,4038128.0779,896707.76056,38347.38484,4349241.2982,1327570.9483,589374.50329,261920.9298,60989.773763,906555.52024,1075200.4734,982661.14252,459903.55638,103076.47358,558348.51433,37301.586401,55761.49825,56220.596676,522211.13556,314580.01725,125363.58204,42710.097054
02/29/2016,6593970.8527,2969214.951,2276085.7732,9385005.3939,4043490.9375,894601.03232,38506.105903,4353125.4393,1329862.5881,588554.38858,261428.925,60999.511733,906429.56599,1076697.3123,986088.0727,460330.18726,103325.13775,559139.71965,37322.29378,55713.147083,56847.605611,520313.66645,314595.45926,125948.74388,42549.81252
03/31/2016,6612724.0309,2978977.7042,2280133.7365,9407890.2434,4055097.2428,893362.7182,38345.626816,4363473.933,1335041.8798,590680.2153,262481.4471,61046.555841,909501.52243,1080928.9325,988547.24926,461488.30458,103281.91357,559154.71459,37243.381874,55802.515229,56908.343844,521749.16578,315952.19276,125959.41604,42593.788249
04/30/2016,6633635.2375,2982459.1865,2291092.073,9442855.5354,4061373.5181,893022.24043,38430.864993,4379911.5925,1337808.1943,591695.82137,262870.2077,61349.421652,909666.2658,1082446.5972,990346.32346,463122.69722,103783.80593,562048.44437,37396.799823,55782.570571,57610.033402,523593.70117,318484.30174,126742.77099,42526.947766
05/31/2016,6609293.7535,2978512.9559,2279173.3396,9402357.51,4056227.4351,892356.47711,38188.675729,4362571.4919,1334197.7132,588364.34156,263055.21632,61104.990553,908658.75284,1081003.6683,988850.53479,460521.23316,103319.60751,559866.90309,37156.231755,55157.128012,57520.560799,521227.15421,315918.60208,126270.1234,42215.79555
06/30/2016,6624348.0279,2982303.5386,2279808.5471,9421049.7464,4060631.1019,890909.26785,38328.256483,4372780.1128,1336430.9054,590055.65977,263479.72677,61601.623169,912062.42565,1081770.2832,988470.82977,461110.56366,103017.41187,559875.54257,36813.946644,55608.73061,58028.753311,519956.15838,316275.93914,126715.13634,42406.364553
07/31/2016,6647183.2712,2989439.0872,2285811.8572,9447514.9186,4075737.349,892297.47779,37981.44577,4389244.1857,1340429.9745,592325.41819,264371.05011,60812.642713,913221.80091,1086442.3078,989774.97854,463840.07005,103583.58839,561271.37624,36946.093907,55921.120243,57265.35303,520874.23933,316353.41924,127162.56513,42594.031615
08/31/2016,6659394.9136,2993461.8973,2284704.4465,9455924.9517,4078080.4154,893643.59474,38154.046162,4397898.0383,1343418.4731,592719.94204,264249.9993,61108.460846,915037.04117,1087934.5332,990490.32287,464352.8914,103634.49493,560798.28073,36935.310211,55990.878091,57397.774443,519851.26604,316082.57677,127147.95806,42513.015766
09/30/2016,6665869.6877,3004351.2362,2285701.5851,9469130.7228,4091216.5511,896629.0457,37772.690485,4400561.6623,1345272.3614,593929.0714,264879.45361,61227.138925,918001.01854,1093356.7174,992993.50026,464158.95182,103738.44106,561484.7982,36902.308392,56274.859696,57382.733056,519490.29857,316241.08041,127500.32809,42527.785862
10/31/2016,6659297.0405,3000125.0599,2285983.0785,9463043.3267,4087231.0558,897412.56379,38023.73742,4397136.788,1343446.9815,593326.82128,264180.14067,61206.309065,918953.45795,1091425.4634,989746.13848,464784.19406,103689.96453,561100.65031,36635.368168,56084.228645,56845.195992,520500.55298,316244.8549,127643.81334,42454.255615
11/30/2016,6666803.9189,3001686.6512,2285560.3674,9471505.7523,4089746.4276,893801.51224,38309.651377,4402977.6018,1344341.288,593773.75381,264510.85134,61200.423989,919750.25846,1092403.1468,989533.24594,464191.13087,103865.63294,561603.04567,36662.678492,56289.795281,56772.507383,520342.26336,315728.8565,127962.63529,42141.821632
12/31/2016,6682397.5029,3007159.2888,2283381.6836,9486403.6637,4096516.5931,893735.63252,38426.382042,4415248.6347,1345955.9963,595212.13396,264861.35586,61119.382112,919719.16174,1096762.0552,990678.07192,465118.21382,103569.91622,559624.25457,36681.793681,56640.949413,56293.593762,520061.03743,316069.30835,127307.83629,42014.780073
01/31/2017,6704435.6997,3013092.0811,2288955.6015,9508903.2531,4104520.9672,890086.56602,38588.101658,4430561.5696,1348389.0254,597142.00103,266540.90971,61802.193955,922235.94341,1098449.2351,992406.90258,464811.44327,103777.80602,562875.05317,36837.419307,56705.635535,56609.99997,520946.55388,316615.93902,127643.87697,42131.874409
02/28/2017,6715262.9882,3018475.8867,2290924.026,9522578.096,4109703.0823,887084.28629,38390.759687,4441924.1631,1348643.3771,597859.65398,265459.92766,61375.866361,922472.84914,1101103.3905,994899.64705,465654.43414,103774.60185,563624.59573,36882.395528,56643.167985,56679.425536,521295.76225,316217.09439,128067.03152,42085.517038
03/31/2017,6718307.4121,3017432.2317,2288650.0033,9519968.03,4107910.8866,885972.44994,38626.427397,4446183.1,1348239.2729,597430.11254,265056.37474,61398.551967,922196.92339,1100279.1268,994956.18152,466169.3417,104096.47696,563315.9545,36702.607724,56707.7643,56633.133877,519241.55343,315932.9125,127755.82719,42094.431081
04/30/2017,6716251.0673,3015107.527,2291017.8244,9522932.6459,4105662.096,883411.38911,38612.222062,4447240.7633,1346576.824,595594.00916,265530.40525,61309.065559,922286.05624,1097226.9587,995594.51203,466941.5405,103361.02033,561295.03384,36590.575151,56537.422683,57002.958669,523329.35764,316020.66014,127663.52955,42275.725932
05/31/2017,6742234.7296,3027457.4829,2287826.6211,9541292.7753,4120872.7552,882915.95806,38325.253093,4463478.2828,1352587.7733,598000.25726,266738.13392,61430.282319,926501.87008,1101642.9838,999312.629,465619.5184,103836.72243,562359.08738,36682.627086,56232.137927,57123.654849,521619.78506,315161.75707,127349.40065,41841.93027
06/30/2017,6754333.777,3034764.0179,2292416.8169,9563523.6565,4131680.1508,880807.47777,38371.489942,4469954.241,1355126.0037,600373.32691,267213.5798,61666.625639,927936.75334,1105226.51,1001600.7546,466395.0712,103859.47529,563177.10401,36851.803902,56178.155171,57554.978637,521987.23619,315828.67661,128465.38468,42118.931206
07/31/2017,6756012.606,3030562.7556,2289213.8293,9560076.456,4122104.4544,873339.06515,37948.489639,4472393.3952,1354352.7713,598957.54777,268471.54508,61837.34673,922416.21648,1107024.1079,1001122.4313,466497.19802,103333.99017,563663.0847,36525.558017,56152.725711,56886.75925,520882.22728,315491.65289,127645.31159,42135.321688
08/31/2017,6765803.6637,3036140.3254,2292915.4432,9575340.532,4129100.9669,874931.65143,37825.75856,4478694.9089,1356437.7182,600154.82553,268849.50083,61666.710171,924739.32333,1108303.2496,1003097.7525,467276.35516,103886.90433,564129.79745,37274.257983,55929.904942,56604.503204,521718.86164,316604.41206,127201.10412,42289.342307
09/30/2017,6774732.401,3039953.5379,2294578.3303,9588614.0643,4137154.5201,866694.05672,36193.337125,4483825.5978,1359304.317,600633.29007,269489.18967,61480.006493,925014.28707,1111238.4152,1003700.8357,468165.77825,103942.23949,564852.45824,36709.934516,55939.141289,56388.200827,522774.26549,316660.96598,127075.46293,42069.883304
10/31/2017,6778332.8973,3043452.7621,2296247.4019,9595500.7186,4140440.7637,826761.09317,33875.821702,4491648.6102,1355832.9482,599949.45385,269076.35783,61825.527249,925495.25772,1114321.7013,1003635.8031,468253.18713,104059.53797,564824.92587,36819.229892,56098.326819,56299.547705,523086.623,316997.46558,127757.00071,42051.55726
11/30/2017,6786455.0909,3046281.9841,2299999.3536,9608337.251,4142547.5848,840276.1511,33605.396829,4496755.2418,1357200.2266,601070.66422,269562.81129,61866.147052,925649.04971,1114988.9178,1005644.0167,468773.91029,103843.88446,567073.87811,36787.960459,56288.9513,56106.820829,523676.20407,317682.87821,127412.98757,42351.878323
12/31/2017,6802446.3261,3052976.1132,2300566.1029,9626820.3178,4150522.8844,859223.14037,34241.526142,4511876.9269,1358173.2784,601122.82542,269835.34874,61437.946609,926111.28873,1119059.6434,1007805.1811,469323.64385,104157.43045,565836.68465,36695.423178,56194.367994,56217.582062,524131.88986,317819.95813,127777.54415,42411.578576
01/31/2018,6795254.7141,3042099.2893,2295965.7875,9612448.4313,4140300.7042,850612.2116,32831.421315,4510971.2969,1352070.4485,600182.20172,270244.87219,61785.894833,924723.42103,1111715.278,1005660.5902,467156.78306,104340.0783,564108.09077,36899.871264,55755.641751,56237.121768,523585.14151,317856.15419,127851.94297,42174.961889
02/28/2018,6826438.4693,3052645.0469,2299376.3662,9646312.2644,4154043.2967,854081.99709,33038.116036,4532084.833,1359155.2367,601785.43046,271167.79008,62245.179119,926622.44334,1116359.354,1009663.2495,469317.88182,104335.70854,564935.44184,36734.923765,55943.685644,56378.407573,524295.88059,317663.64487,127545.92359,42224.867949
03/31/2018,6836963.174,3048468.3933,2300716.7699,9653211.5362,4148182.7608,854747.00517,33026.118554,4546256.1585,1356567.221,601623.28627,270270.16979,62246.338439,925718.93143,1114803.125,1007946.3369,469554.07206,104280.54639,564596.85431,36867.951048,55633.462014,56716.692377,524867.32298,318236.7815,127857.60809,42105.479167
04/30/2018,6839611.0393,3047816.1034,2300360.1683,9655378.271,4148806.0043,860004.90523,32830.59286,4547575.5544,1358288.1698,601270.67604,270520.3599,61956.279163,924302.53122,1115854.5605,1007659.0117,469268.32,104115.80995,564681.18362,36802.630774,55724.347014,56554.121456,525141.84193,318562.40906,127402.45653,42107.048008
05/31/2018,6853451.1044,3055815.1228,2306485.4285,9670639.0325,4155262.3342,862177.8282,33238.079988,4557172.8983,1360442.1897,603467.12128,270229.38636,62139.508793,925657.6488,1119808.9208,1010348.5532,470724.01353,104420.53445,566355.91114,36811.719378,55974.057725,56794.315257,526197.75568,319303.62341,127749.42024,42154.077702
06/30/2018,6869579.6688,3057123.5085,2308609.9082,9699881.9452,4164403.6881,864733.82681,33298.64841,4568340.0549,1362169.4136,605633.54262,271090.83759,62345.820157,925040.08732,1119670.2762,1012413.145,471071.29825,104445.16034,566540.79118,36899.966001,56170.462061,57010.124726,526156.97381,319442.98137,128663.94839,42208.202073
07/31/2018,6845549.5932,3055905.0661,2307722.1447,9684511.0765,4163402.9347,867527.93529,33379.848844,4547694.1667,1359359.2922,605635.93321,270373.29046,62486.910622,925118.9699,1118855.2168,1011930.8794,470458.96233,104443.94209,567547.33785,36291.742111,56090.271343,57152.71614,525914.80022,319710.0434,127921.68193,42190.647294
08/31/2018,6855293.4304,3060018.8817,2310899.1555,9694172.1913,4167033.4518,870047.76533,34173.775727,4558120.8874,1358898.9184,605259.94165,270764.40075,62249.282149,926410.88473,1121610.9695,1011997.0275,470298.20964,104420.88284,568629.79599,36691.306642,56008.022916,56848.177139,527103.8212,320839.31815,127967.46449,42092.156488
09/30/2018,6863934.6497,3059300.5091,2308922.9223,9691746.8377,4165460.441,868166.97589,34543.286455,4568769.5069,1357156.4793,604507.56274,271266.14604,62234.954761,926074.41652,1121749.0689,1011477.0237,470414.15225,104357.58705,568011.20761,36819.476522,55621.157038,57029.522887,527775.95695,319853.06823,127012.92598,42027.867812
10/31/2018,6892319.3651,3068980.4242,2309557.656,9727181.4106,4177393.259,867114.49902,34697.649309,4589686.2626,1360519.0908,607829.53305,272433.42729,61851.051338,930687.28438,1124355.3727,1013937.7671,470434.69994,104452.37931,568393.5604,36992.738983,55580.626547,57379.12211,527311.75229,319120.49443,127728.72312,42163.55884
11/30/2018,6898111.1077,3074936.4094,2307503.0864,9734156.307,4185682.834,872160.93112,34981.917078,4596106.1292,1359573.4428,608160.71938,272856.01663,61414.799691,932917.78539,1127637.4402,1014381.1838,471323.61201,104303.26806,566452.74843,36901.295447,55473.857945,57006.739683,527168.86516,319316.61078,127726.28237,41829.806488
12/31/2018,6911565.7355,3073938.2732,2309840.5114,9750161.4839,4186090.0728,870085.21531,35188.298749,4606354.5469,1361948.4657,608377.84531,273158.42011,61726.457493,932482.40999,1126655.5356,1014800.3276,471242.33957,104536.60642,566845.46724,37114.130885,55674.995726,56930.912031,527210.86554,319947.0176,128236.25307,42101.923315
01/31/2019,6929686.331,3077975.4593,2310668.9569,9760729.6408,4190343.6249,876469.86781,35963.220535,4622696.768,1361275.6782,608537.36057,275290.97934,61885.544869,931903.43684,1127002.216,1019069.8065,470935.42046,104382.24185,568822.25718,36877.929924,55203.640425,56380.419674,526659.50643,320332.42255,129118.99241,41956.126031
02/28/2019,6942809.6427,3075900.1115,2307627.2306,9769739.9001,4189477.2682,877455.46057,36588.435865,4635729.3256,1362554.1303,608992.65087,273955.18046,61578.355466,932366.37327,1126742.7546,1016790.9837,469744.16618,104057.38204,568059.00271,36896.704317,55346.662473,56207.870629,526821.49169,319453.65746,129003.79258,42036.500514
03/31/2019,6960601.1035,3078253.6961,2309307.1348,9780923.3968,4192151.6434,879193.20555,36725.152011,4653581.8341,1362945.7631,607892.50963,274597.69693,61583.299674,932457.86061,1127445.7727,1018350.0628,469860.60302,104238.55639,568344.72562,36952.274028,55501.954065,56606.494355,526582.00765,320068.19188,129131.52109,42020.80672
04/30/2019,6968554.8958,3080477.874,2310351.7529,9791255.624,4192109.5549,878524.7047,37499.155273,4662115.651,1360329.2497,609614.48294,274903.00187,61592.510297,932928.22078,1127804.5498,1019745.1034,470724.0816,104276.44053,568954.20144,36920.608561,55418.738233,54672.64468,528148.66434,320169.67372,129303.48554,41763.214244
05/31/2019,6970297.7647,3074001.18,2306195.118,9780880.1191,4181430.7142,878097.03297,37795.74302,4667171.7696,1357807.4338,609379.92391,274494.28758,61444.349816,930268.51444,1125808.2462,1017924.4194,469891.96022,103928.29589,566879.1528,36631.420166,55188.464631,55439.053499,526644.85943,320736.90393,129159.78795,41695.219487
06/30/2019,6967755.7394,3079315.6293,2305348.5717,9787772.2866,4188376.3256,881448.79283,37670.651745,4665867.7994,1358203.8728,608931.1313,273580.07405,61172.8618,931646.38953,1127569.9432,1020099.2965,470083.54083,104091.46963,566189.04067,36530.893787,55126.418679,55421.068437,527023.49919,320801.56178,128751.54348,41329.535235
07/31/2019,6942550.9542,3089541.3988,2300719.8747,9777564.1577,4203388.8861,881004.03727,38351.052963,4639264.2403,1358175.9019,610374.4685,273660.06733,61076.276211,934788.64842,1131130.3871,1023622.3633,470493.76869,103724.9876,565310.62407,36650.857899,55209.975187,54824.039059,525071.74996,320284.90705,127963.32668,41185.638501
08/31/2019,6959028.966,3093796.147,2300940.3045,9785976.9646,4205521.2664,880468.93258,38872.365084,4655881.8851,1358526.7602,610030.10978,273359.57553,61230.635315,936475.9001,1131871.0997,1025449.1472,471609.45461,103338.20104,565975.27159,36599.65976,55380.452432,54695.061333,524841.98728,319255.26159,128133.83373,41111.121128
09/30/2019,6971509.5805,3089614.5788,2298439.468,9786026.3132,4199706.5773,882923.41402,39155.141622,4668058.9069,1358757.1217,609013.94895,274590.13953,61089.463452,936261.68079,1133159.2973,1020193.6007,470717.50807,103164.41925,566193.19354,36624.946132,55284.703057,54572.986185,524289.04657,318592.61196,127716.2572,41283.796077
10/31/2019,6966619.7249,3085728.6326,2296323.1563,9790659.0102,4206654.1269,882516.83345,39651.568735,4666212.5287,1357625.6649,607398.98547,273969.57281,61412.973047,937336.57414,1130473.4771,1017918.5814,470389.53584,103184.62561,564814.28521,36575.295285,55162.183256,54102.359239,524391.76841,317977.22636,128159.25113,41566.626001
11/30/2019,6984421.0948,3093581.148,2295064.448,9810789.1795,4217068.8668,883218.00042,39755.522041,4681229.8507,1358621.2966,609074.8386,274355.80055,61139.308375,939095.32723,1134441.4361,1020044.3846,469586.92248,102679.04562,565344.53868,36927.31265,55112.55297,54303.327144,523786.57138,317616.77659,128481.15247,41226.248028
12/31/2019,6990284.1121,3091013.4609,2296955.616,9816441.9291,4216099.5702,883157.13181,39886.609686,4689979.1518,1355953.5991,609499.40559,273356.87695,61495.078649,939604.5152,1130744.9596,1020663.9861,470225.24048,102560.16295,566125.63152,36834.12595,54855.160901,54416.270736,524417.11096,318055.82399,128341.5539,41124.534648
01/31/2020,7033241.3778,3104070.4258,2300686.4807,9851389.3642,4229745.6682,881254.22349,40073.756378,4723307.3445,1361388.9115,610510.48105,276589.56943,61445.071236,941450.50528,1137454.3469,1025165.5736,471375.71973,102049.33447,567188.48116,37184.617076,55346.084835,54713.324905,523870.9363,319943.51434,127947.51598,41066.951892
02/29/2020,7032059.7747,3102753.3998,2300251.2215,9849105.882,4231316.6114,884077.12426,40114.730091,4722547.5438,1361229.9986,610659.08356,276180.37391,61442.774798,941873.42704,1138954.7312,1021925.2415,471816.3442,102279.05878,568375.95418,37184.056227,55258.165622,54537.529811,522980.36537,318915.04973,127772.71744,41131.980145
03/31/2020,6939702.372,3074596.5376,2283679.7,9724102.9415,4195447.6921,885588.37282,40215.371835,4667217.1778,1341049.8343,598802.79357,272300.53136,60332.035036,932969.15716,1127373.186,1014254.1944,468310.71381,101748.57469,562331.8372,37159.310924,54792.119786,53911.71892,519456.22749,317717.17528,127450.94699,40801.074891
04/30/2020,5558966.6313,2563609.7176,1883662.8539,7864846.8123,3500675.4712,767305.74239,35031.355686,3770444.8922,1042619.4419,476217.70983,221450.65814,48233.92918,767074.13241,941960.88269,854574.70251,398065.39272,83570.358423,446752.65768,30458.120396,44623.530738,45328.933264,431513.80823,263471.22065,105987.02674,33891.805084
05/31/2020,5678856.9549,2579625.0477,1920544.046,8021290.8067,3513968.0794,772445.62725,35028.256596,3816317.3836,1090082.9696,495215.8486,227677.92868,49562.82439,767138.98255,951477.5657,861008.49942,403222.16326,86377.381486,456104.63964,30933.273735,45308.747862,44905.916877,441027.94844,269398.17602,108643.93628,34621.862401
06/30/2020,5807506.748,2625860.7231,2002979.1992,8259555.941,3575950.6296,801034.76952,35198.95994,3874583.4783,1137552.2404,511240.40042,232376.57586,51754.053008,784557.91928,967752.16525,873550.63854,414358.91054,90289.95016,482700.22913,32382.383139,45778.936951,48608.028203,457168.25709,281278.99112,114007.09633,36406.416551
07/31/2020,5924688.8279,2709606.4572,2035516.9379,8368655.2207,3713844.1904,824332.5003,35774.397335,3931630.2631,1178107.8645,524174.69071,237969.67715,52806.332531,809102.73917,1005306.6589,895197.05912,423198.43917,91632.152534,494197.35187,32598.409567,47799.360364,48661.923,460150.33412,286284.08478,114392.82626,36602.056263
08/31/2020,6060022.8189,2767258.8932,2071239.2675,8579052.5429,3786964.2751,831384.56517,35117.39026,4017893.7519,1208171.5092,535493.4366,244381.09514,54083.026069,828260.01664,1025680.3732,913318.50332,429632.79724,92653.508539,503227.30872,33665.114264,48729.166186,49457.517914,470063.2182,290820.08138,115599.93821,37390.616807
09/30/2020,6167299.8889,2828208.952,2116562.0788,8758549.2073,3870200.1735,837301.20849,34177.830493,4067503.6122,1242714.0514,552089.59068,249577.27499,55415.359626,843763.17129,1054159.2368,930286.54391,437982.12127,94535.290993,516696.15123,34126.329571,51181.075919,49431.870646,479823.00188,294892.0136,118543.04848,39351.175233
10/31/2020,6241566.897,2856324.0162,2124322.0779,8855598.7755,3913627.8586,842561.37056,35668.309605,4126226.8222,1253632.303,555564.16146,250950.09115,55193.519239,856036.14479,1063758.4374,936529.43403,438062.92968,94144.199539,520860.82406,33900.930538,51277.91847,50832.345399,482197.34538,294928.18419,118828.96512,39288.435504
11/30/2020,6240085.3226,2852583.3801,2122997.0331,8858752.2566,3908180.6966,845181.03619,35626.199961,4122359.8516,1254807.205,555644.82694,252252.83118,55020.607885,855348.13347,1062787.7655,934447.48121,438056.88871,94377.412563,519937.14187,33399.355909,51281.03074,50382.853903,482447.36618,294882.28753,119026.48683,39206.208874
12/31/2020,6244890.5342,2856167.9854,2103379.5588,8836778.7583,3916478.3727,848792.76978,35332.028813,4127137.5566,1256852.6166,555747.69993,250414.05145,54738.609573,856626.61223,1066394.9136,933146.45953,436694.92941,93952.049773,508674.74454,33513.729708,51080.118928,50067.575402,479257.50773,293346.75335,117645.24135,39146.908583
01/31/2021,6244220.2393,2872619.0265,2106982.5085,8827536.53,3933617.7344,852353.65834,35087.896097,4122077.8729,1259973.8834,557031.06182,250227.06451,54910.356784,859997.71724,1072672.7207,939948.58854,435618.27323,94473.575577,514749.91905,33353.604924,51029.099097,50129.091611,478257.17962,294235.33298,116131.10824,39005.324154
02/28/2021,6253494.3176,2876683.2243,2117911.2414,8848874.769,3941350.6718,854478.6142,35065.608417,4132979.0264,1261807.4754,554032.94083,249574.15996,55100.714997,862507.00483,1072955.6404,941220.57908,436789.6623,94390.128053,517825.78959,33630.661904,50969.229957,50589.368635,482454.63661,295296.3525,117151.12203,38814.289837
03/31/2021,6304301.0101,2887488.1639,2131914.1966,8906063.1626,3957423.2693,859074.87178,34823.849932,4168849.3574,1267558.1147,560263.08375,252492.28062,55138.17363,862293.05389,1077553.0879,947642.02219,439196.83578,94909.605754,520923.67878,33757.579644,51363.426656,51536.721425,485061.21834,297415.22609,118446.29712,39303.60699
04/30/2021,6344620.163,2909294.3762,2143323.4058,8963585.8521,3984707.1614,866875.1103,35371.327879,4194979.482,1273625.0048,563723.53055,256027.70202,56264.443612,869549.11867,1086319.5427,953425.71478,441470.28235,95615.755289,525118.81942,33670.622125,51477.326808,51666.913725,487402.69186,298482.58812,119061.7608,39356.645344
05/31/2021,6366305.1647,2917319.6348,2144997.8202,8980162.0273,3991652.0628,864154.9514,35143.307211,4213092.5997,1276092.8606,564132.19726,256598.55221,56388.955032,872099.29233,1087752.9766,957467.36584,442396.45439,95404.003697,524972.40039,33634.270371,51897.654007,51681.29989,488059.00762,298067.64478,119501.22754,39383.857499
06/30/2021,6382739.0785,2926932.4408,2139515.7677,9002540.888,4001860.504,873958.20707,35273.50226,4225587.5062,1280554.0593,565036.45635,255110.12296,56450.933777,877181.49521,1088477.8575,961273.08801,439134.06603,95130.200726,525819.27399,33659.45772,51255.193216,49933.47806,488304.84044,297823.08664,118779.17527,39676.995615
07/31/2021,6423343.1134,2962467.0194,2150678.1311,9055740.1728,4057114.613,890715.33768,34863.213749,4252065.8285,1286929.3116,570038.73249,256954.29032,57354.95057,889294.07575,1105388.9374,967784.0063,443419.83968,95295.719347,528727.96345,33875.98719,52004.462639,50520.237094,489194.67761,298900.42113,119190.12647,39548.696484
08/31/2021,6455390.9824,2969092.6969,2155063.0156,9089615.6193,4064069.1884,887744.13978,34964.143272,4277042.5647,1290401.3872,572963.41958,258180.39711,56803.213821,891104.64048,1106332.1806,971655.87581,444202.62765,96041.367898,529429.24812,34352.163451,51640.354758,50334.277063,490849.29738,299212.14582,119427.73922,39573.794262
09/30/2021,6491260.8893,2981144.3094,2162932.8949,9141370.5542,4076174.991,893074.94592,34957.803699,4307024.0801,1295136.3475,573432.70718,258496.57121,57171.183329,894750.78521,1107895.8728,978497.65146,447893.12318,96102.364194,530471.62104,33813.642043,51800.40301,50803.047008,492489.94666,300017.79841,119662.34508,39878.604243
10/31/2021,6585357.4396,3024716.7429,2178243.9814,9268960.7415,4137671.9566,901083.32718,34650.524685,4380908.963,1308388.8773,577954.3823,260822.34462,57282.872428,909891.07391,1126741.5601,988084.1089,451265.61185,96315.060982,533444.12043,34296.193802,52661.930311,51062.701479,496661.5061,302471.49464,119992.93738,40072.424444
11/30/2021,6609780.2626,3035372.1184,2189265.5167,9312825.5837,4153801.1957,902777.41814,34836.216695,4396737.5811,1311021.1971,581658.9049,262560.9443,57801.635203,914093.11588,1129223.3941,992055.60851,453377.73108,97098.287726,537479.94024,34510.356396,52457.24218,51210.020919,498719.58354,303667.01537,120249.00422,40496.33499
12/31/2021,6652858.5335,3050646.2575,2195701.6533,9355351.5024,4178139.1394,908055.44521,35168.780818,4430304.9137,1316706.5456,584254.95531,263768.51985,57823.599074,918134.72462,1134926.3747,997585.15823,453986.39661,97420.081207,538788.40375,34613.88688,52606.516714,51508.214927,500133.75408,305402.10823,120529.20063,40713.090306
01/31/2022,6660743.0909,3047028.6063,2193694.237,9340945.9082,4169619.5729,914027.55183,34572.53617,4440112.7356,1317453.1539,583730.61179,261454.82492,57991.764589,916476.93548,1136256.3844,994295.28645,451093.32421,97274.826514,539714.09826,34591.13296,52610.839522,50492.508973,501789.59929,305030.17171,120177.28729,40920.448233
02/28/2022,6716308.9539,3076289.7327,2206764.7978,9415012.3741,4213349.7458,917137.73202,34443.564547,4479687.2569,1326486.0382,586265.16519,265299.69992,58570.793649,923890.65813,1148453.2814,1003945.7932,454541.10403,97866.273044,542751.51519,34638.611822,52766.146768,52180.20544,503949.48852,306700.8547,120493.69577,40876.902555
03/31/2022,6741274.1229,3083050.4197,2209089.9409,9433345.7788,4221660.8471,919948.58003,34715.368246,4503725.2178,1326589.0677,587616.23676,265181.36639,58162.234303,927087.34019,1148669.1403,1007293.9392,455262.5291,97266.239884,543250.20291,34602.515897,52966.767788,52841.109293,504619.17756,306941.06882,120316.14874,41024.180913
04/30/2022,6773288.295,3092866.346,2201168.8379,9447796.8953,4229839.4093,916266.50438,34202.602274,4535319.12,1329308.5831,585122.45059,265387.72584,58150.415479,931349.51277,1150967.1348,1010549.6985,456132.43489,97185.867159,541033.66811,34648.60561,52927.19266,51743.468163,501854.02496,305829.71268,119486.48019,40327.383433
05/31/2022,6798780.9949,3095104.6797,2204481.99,9469523.0691,4229280.758,915019.09091,34355.253767,4557300.8555,1329123.1746,587634.27414,266138.08502,58584.605699,932572.54747,1149243.7924,1013288.3399,456164.22337,97296.373715,542719.03088,34732.840777,52167.76766,51687.88702,502157.24114,306359.15703,120623.87509,40573.593309
06/30/2022,6829336.4947,3095341.0549,2205745.6276,9510344.9176,4226887.752,922544.04934,34221.765232,4579073.6052,1332549.4651,591562.19756,267783.96399,58367.262876,936274.01487,1144826.7897,1014240.2503,456222.93663,97063.9747,543527.42542,34920.084552,52472.471331,49982.5653,502585.14722,306859.38918,121474.08225,40637.551048
07/31/2022,6863238.4649,3116096.1073,2210759.369,9562980.9077,4264284.9714,927381.25979,35121.376847,4603746.275,1335502.8235,596644.26121,268854.38198,58490.723234,940436.58675,1156996.6336,1018662.8869,458482.09352,97641.740965,542885.90302,34782.75019,52537.919684,50253.196625,503933.60451,307733.48289,121858.60168,40650.075869
08/31/2022,6885656.8425,3123106.4111,2214153.3974,9594991.1929,4272875.5839,927940.01405,34788.347831,4621584.3318,1338632.2118,596993.23696,269716.80196,58730.259976,942732.43095,1158067.1445,1022306.8357,459477.78062,97506.019874,544446.07648,34628.73757,52611.432872,50392.299609,504073.70406,308824.40651,121426.07684,40766.862928
09/30/2022,6884246.3377,3122823.1093,2219433.712,9577207.9031,4267410.7256,928807.47272,34920.596414,4617660.0026,1341829.1309,596811.00044,269171.65463,58774.54911,942580.79339,1158963.0682,1021279.2477,460197.99168,97906.062927,544971.5452,34402.317703,52945.696105,50954.846875,506240.24727,309462.86451,121647.1071,40705.032622
10/31/2022,6882989.9162,3124460.1611,2216851.9253,9588116.381,4275166.6614,933267.6916,35415.29266,4623910.4848,1340328.8113,591810.52839,268073.83183,58866.259927,945053.74153,1161051.6118,1018354.8078,458295.40297,97988.281448,546297.58548,34103.357361,52642.325037,51373.253143,504812.56423,309673.22061,120898.26255,40767.672447
11/30/2022,6885615.7724,3131046.0005,2222185.2409,9604348.5658,4285047.6407,935673.22526,35279.670535,4623777.6498,1339667.2729,594970.5099,268001.22353,59199.116224,947725.05761,1162283.9177,1021037.0252,459394.23895,97990.723254,546849.85783,34219.588449,52782.177526,51373.462542,506251.74952,311280.36863,121258.93647,40784.137713
12/31/2022,6887860.1982,3135971.9327,2222075.6782,9600576.2044,4290469.5921,946031.49338,35514.226321,4627874.6843,1337701.0419,594938.73172,268660.87954,58684.860808,947641.09224,1164688.1298,1023642.7107,460142.73283,97595.894006,547163.26342,34332.210266,53189.301787,51298.882906,506613.56872,309123.55895,121878.04522,40738.220146
01/31/2023,6931671.0021,3145454.1162,2235342.0113,9653306.0911,4302168.0342,934664.98008,35887.294805,4656073.7293,1343564.1777,602867.12447,269735.46686,59430.50376,952113.86888,1165090.0201,1028250.2273,462371.37797,98954.485136,553366.55551,34508.991772,53599.648361,49973.678384,509241.14641,309831.25109,122426.49319,41068.383492
02/28/2023,6940981.7353,3146244.1107,2232741.2998,9661769.1764,4308697.4576,937757.74468,36032.865701,4665639.6399,1343655.6947,601181.50088,271004.40702,59500.492804,952396.83812,1164600.5775,1029246.6951,463743.14205,98297.79018,550562.83455,34340.213803,53648.86179,51098.421287,508498.19042,309609.88867,121736.1565,41205.800591
03/31/2023,6952673.9275,3147405.2159,2232503.3988,9665402.5087,4309475.5947,939495.40344,36092.103886,4679142.5298,1341632.133,601389.05293,270937.78696,59572.42484,952872.00135,1164635.209,1029898.0055,463499.19344,98643.503785,549629.52678,34437.99436,53979.171571,51351.518288,508605.05991,309478.11242,121750.53998,41128.778267
04/30/2023,6934288.0216,3135611.0183,2234152.5781,9666346.7508,4293317.3526,940543.84278,36023.955161,4652704.7457,1345017.5414,604668.98839,272150.62986,59746.116303,950204.69877,1157796.4383,1027609.8813,463504.4624,98881.432624,550034.99194,34627.999814,52928.493198,51622.429044,510138.87465,309865.93904,121440.60291,41107.352454
05/31/2023,6975516.2113,3154342.2843,2238286.5881,9702844.677,4315595.6543,940713.20163,35917.376229,4684659.8207,1351226.5328,606498.0968,273544.27827,59587.482665,954746.55508,1165804.4866,1033791.2426,465384.56975,98580.725006,551225.16879,34828.961853,52841.978201,52158.083271,510635.9377,309802.36749,121677.45091,41151.345127
06/30/2023,7003650.9435,3162778.181,2244907.296,9747500.8107,4324682.9933,941855.56986,36147.884404,4703215.0528,1357414.008,608216.90295,274936.16138,59868.818344,954402.38798,1169254.6655,1039121.1276,466816.54533,99157.089674,552525.71646,34584.43373,52880.045354,52147.493992,512732.80588,310973.10533,121970.833,41119.227201
07/31/2023,6988238.737,3160928.8561,2246498.8771,9730985.2966,4330682.8188,943735.61587,35867.912268,4696576.0611,1357225.9401,599427.12917,275091.23883,59918.367794,954982.71226,1169547.1307,1036399.0131,465818.76945,99568.614421,553564.91626,34595.054819,52873.523753,52125.674282,513427.85202,311377.64295,121896.32467,41250.504497
08/31/2023,6994471.6753,3167572.8327,2246142.4542,9744079.677,4336965.9854,947636.57096,35789.20856,4704670.2093,1359096.6978,595506.51437,275143.87547,60054.378329,955880.79167,1172672.3313,1039019.7097,465921.35217,99286.216774,552939.01699,34604.948863,52983.660764,52146.048376,513689.23332,311505.81178,121810.29806,41255.867096
09/30/2023,7006867.4684,3180000.3414,2246975.156,9744342.6892,4349036.2762,949293.34063,35668.575869,4701253.9594,1357988.661,611951.65795,275678.36465,59994.825359,957574.61141,1177639.736,1044785.994,465611.33514,99088.783312,555078.3955,34799.317168,53114.424924,51950.110455,512891.9172,311371.85334,121942.08953,41126.929441
10/31/2023,6984129.6976,3169674.5029,2241604.1784,9731365.2383,4339445.0735,947416.79822,35776.775937,4684316.6768,1354793.2374,610356.48099,274806.27848,59857.023969,953774.03319,1174658.2534,1041242.2163,465440.64456,99232.398153,553163.92937,34902.141408,52827.422069,51374.91661,511372.70716,310208.30059,121923.85244,41157.866031
11/30/2023,6983633.1264,3172451.4078,2241904.629,9735095.0809,4343208.9995,949831.31976,36051.776367,4684275.5208,1353215.0878,611108.24341,275325.98131,59708.293084,954577.3938,1174924.281,1042949.733,466293.47704,99401.475984,552369.69213,34815.565761,53005.471346,51154.623981,510912.36252,310969.63825,121990.77552,40991.54645
12/31/2023,7011035.9037,3176347.7262,2244863.6674,9759286.8204,4352220.5806,949995.01971,36281.892894,4706229.3463,1357383.3588,611752.17579,275724.91164,59946.11115,954960.67832,1176187.9789,1045199.069,466585.21807,99656.610648,553466.66389,34822.178713,53042.367379,51160.808875,512000.11407,311237.60094,122038.25055,40853.854227
01/31/2024,7043569.9762,3173217.308,2252742.1505,9793180.4899,4346929.754,953276.31765,36499.921962,4736438.6247,1357876.9217,612852.59205,276468.72823,59933.10952,952959.21783,1176347.9858,1043910.1043,468561.57389,100146.38951,553011.54555,34931.113134,53261.830972,52302.401086,513420.64777,313373.04275,122803.96913,40929.636693
02/29/2024,7055085.4439,3178508.096,2255440.9764,9813490.7519,4354605.4937,955246.63576,36517.690479,4746018.3659,1359578.5851,612580.24043,276871.96286,60036.289588,953517.4095,1178402.5371,1046588.1493,469442.81755,100193.54839,555131.20537,35064.494312,53425.040321,52158.774898,513246.06715,312850.68829,123010.68022,40917.659866
03/31/2024,7080841.0901,3181690.044,2261242.9217,9836633.1523,4359930.7618,955958.58681,36200.802768,4765594.6135,1362626.0382,613636.95754,278696.58749,60286.893373,953843.83729,1179412.6321,1048433.5746,470291.45312,100552.55564,556855.60392,34969.929175,53348.698305,52384.811399,514772.97052,313837.24112,123088.08327,41141.57522
04/30/2024,7100080.3693,3182305.7624,2259540.3139,9869865.345,4359912.2374,953107.85361,36120.687553,4782708.7764,1363722.1688,616188.74761,277343.62068,60117.055818,953679.0902,1179293.616,1049333.0563,469450.60094,99850.954193,557674.95262,34900.355044,53243.790399,52073.524328,514346.97234,313923.4211,122788.23847,41287.504477
05/31/2024,7105711.9336,3182990.053,2259656.7838,9864322.2267,4360938.2042,953654.12766,36181.226482,4790342.3066,1363472.8815,614580.93249,277111.1593,60204.653621,953966.95262,1179383.5751,1049639.5253,469832.1637,99956.540491,556078.07953,34619.112275,53412.84284,52321.051197,515288.57181,314441.40396,122491.24319,41215.774835
06/30/2024,7110206.0527,3189278.1657,2264373.2435,9881378.1781,4366406.145,953953.2989,36008.193451,4791806.4966,1364569.563,615911.5817,277622.99894,60295.412401,956230.11658,1180965.8568,1052082.1923,471173.70025,100319.88134,556614.01107,34766.489295,53554.819625,52350.96868,516881.4665,314999.90779,122486.23581,41225.763134
07/31/2024,7117392.7291,3183916.3745,2260893.4435,9881232.1517,4363633.3999,951071.34425,35933.5922,4803345.2724,1365680.2308,610707.51271,277527.05935,60132.653895,954694.17532,1180035.6272,1049186.572,472403.53982,99760.695,554683.82039,34716.003737,53371.378546,52370.494717,515419.87829,314757.90135,122343.63167,41066.099978
08/31/2024,7119019.3927,3185652.8571,2260672.039,9892530.7098,4361878.5445,951978.23827,35670.607565,4811524.1362,1366401.8872,603181.49373,277751.38603,60160.489448,955794.47673,1179228.8772,1050629.5031,471487.87445,99835.530019,554509.99591,35096.442868,53210.248874,52416.57703,515474.64815,315326.80658,122254.77634,41059.138787
09/30/2024,7137174.2204,3198152.8024,2260087.9321,9890486.0471,4377497.1953,952868.78448,35792.895663,4812810.6302,1367997.7101,617907.33712,278620.11181,59838.43115,957482.87153,1185909.984,1054759.9469,471800.37539,99863.186702,554993.6412,34698.255377,53293.188931,51453.682733,514551.89452,315610.80436,122686.18098,41136.721863
10/31/2024,7157940.167,3211808.9437,2266614.7031,9950310.3126,4391225.4449,952521.64284,34434.907411,4826276.8188,1370629.5743,619679.99048,280464.70572,60889.077734,959612.48189,1193503.1874,1058693.2745,473843.21758,100296.01776,555592.20294,34631.974983,53591.38408,52134.88369,515845.86746,316722.61106,122777.85631,41178.687275
11/30/2024,7162770.3897,3210845.4603,2266783.6806,9958251.0512,4391319.3222,951375.70406,34657.9803,4830865.9904,1370547.3349,619918.10545,280827.88402,60611.074882,958996.4373,1191618.2674,1060230.7556,473863.91786,99930.440121,555571.72462,34924.999889,53211.119071,52194.85175,516095.28418,316589.18213,123153.41696,41248.743991
12/31/2024,7174573.7231,3212894.1271,2271279.8495,9965785.2496,4395344.5432,950164.8602,34566.054648,4838114.6161,1372013.2811,621725.25615,281308.00836,61412.56143,960034.0088,1191803.3482,1061056.77,477091.30966,100141.97203,555364.65032,34540.292686,53103.12017,52341.855668,516842.64467,317452.89774,123055.37397,41345.732613
01/31/2025,7162755.1578,3219851.4591,2266032.6706,9962281.201,4405025.9621,948530.06199,33966.183019,4828296.6389,1374653.788,620601.91735,278399.00266,60803.810972,962869.20203,1194618.8674,1062363.3896,475477.0406,99070.254267,555619.17534,34348.219357,52739.596354,52429.125714,515285.16535,316884.96655,122935.42128,41243.705824
02/28/2025,7156751.64,3221666.1991,2258396.0242,9954656.3884,4406759.6571,947809.20424,33925.081008,4822155.3694,1374927.879,619854.02199,279262.74605,60551.623539,961733.48438,1196020.4569,1063912.2578,474505.12306,99844.520048,551611.778,34386.240553,52537.793163,52036.129958,514033.39128,315843.86133,122655.11853,40942.06828
03/31/2025,7164830.8006,3224199.1294,2262804.3863,9955630.663,4408960.9106,949624.923,33486.084166,4827506.9802,1377488.1495,619526.2029,279783.38847,60526.079465,961433.67244,1196669.9956,1066095.4613,475289.81023,99585.938856,552242.27583,34210.875915,52685.881093,51989.764204,515778.89408,316986.55041,123039.52465,40994.871006
04/30/2025,7100427.8915,3223202.001,2273882.7688,9924015.1393,4406378.968,955796.04506,34662.404541,4767287.1312,1375129.6305,616334.84421,280553.4214,61122.864166,959147.8511,1197957.2587,1066096.8912,477189.89881,100833.71312,555521.55548,34779.193518,53123.476535,52370.371526,516770.9931,318883.18121,123234.75179,41175.633722
05/31/2025,7117684.1189,3229791.8564,2274853.6823,9933866.2033,4414862.9414,955986.31938,34884.322287,4780718.5977,1377226.7326,617831.15612,280775.16331,61132.469097,960381.72163,1202028.3502,1067381.7845,476528.90137,100640.63517,556129.73282,34509.472272,53268.077838,52227.094507,517487.95168,319414.48791,123167.34009,41479.988644
06/30/2025,7096689.9101,3221340.1894,2271537.6291,9916210.9348,4398390.5898,957692.19425,34164.781101,4767041.2339,1373005.9896,615187.98952,280080.94561,61373.751418,956922.88451,1196261.8498,1068155.4551,476275.06491,100047.87553,555469.72849,34592.457576,53041.338972,52330.773847,516441.49204,319304.50456,122911.98485,41122.408305
07/31/2025,7158895.4773,3224099.0344,2276503.1359,9972816.4504,4404820.5462,957692.19425,33876.867215,4817381.0426,1375210.014,622743.84447,282186.8249,61373.751418,962554.14669,1199090.6109,1062454.2769,477273.96605,100245.79616,557353.35223,34690.456039,52343.413459,53023.254786,517237.54983,319999.94281,123212.99625,41122.408305
08/31/2025,7134503.5016,3223978.8964,2274219.627,9957297.1878,4411451.4388,958388.04773,35124.494053,4804599.4505,1372004.1604,615041.28533,281685.42507,61173.180335,959170.7355,1198383.4206,1066424.7403,476275.06491,99948.915219,557155.07605,34396.460649,52243.709815,53023.254786,517337.05705,319503.2012,123313.33338,41023.553958
09/30/2025,7099310.2662,3244563.1099,2273431.8297,9929243.1361,4421900.1179,956896.93314,35124.494053,4775398.4287,1367095.197,615061.13698,280983.4653,60772.038169,959867.08905,1206970.731,1077725.2899,475975.39457,100245.79616,556361.97132,34298.462186,52742.228038,52330.773847,516740.01371,320099.29113,123614.34477,41023.553958
10/31/2025,7099632.7285,3251705.8535,2271154.3118,9927949.8642,4418283.2674,958487.45537,35124.494053,4772547.1505,1370801.9652,615230.06908,280281.50554,60772.038169,966416.92225,1209294.3561,1075994.5751,476075.28468,100146.83584,556064.55704,34102.465259,52443.117104,51638.292908,516341.98482,319503.2012,123815.01903,41023.553958
11/30/2025,7101555.9976,3252626.1225,2273634.0076,9949537.5565,4417077.6506,959680.34703,34548.666282,4774710.1891,1372304.7091,613988.94985,279679.82574,60872.32371,963565.66396,1208688.1931,1080372.2655,475975.39457,100047.87553,559236.97598,34102.465259,52841.931683,51539.367059,515744.94147,318807.76296,124116.03042,41221.262651
12/31/2025,7121227.9473,3251589.4001,2273429.4216,9968538.705,4422804.3305,963259.02204,34548.666282,4791817.8585,1373607.0872,616253.65186,278677.02608,60872.32371,957556.78175,1210809.7639,1083222.8545,476275.06491,100047.87553,559534.39025,34298.462186,52841.931683,51638.292908,515247.40535,318807.76296,123714.6819,41023.553958
